<?xml version="1.0"?>
<report xmlns:xsi="http://www.w3.org/2001/XMLSchema-instance" xsi:noNamespaceSchemaLocation="https://raw.githubusercontent.com/Arachni/arachni/v1.6.1/components/reporters/xml/schema.xsd">
  <version>1.6.1</version>
  <seed>fcb3e6b7d4a5f7f3b162e87e255dfa6c</seed>
  <options>---
audit:
  parameter_values: true
  exclude_vector_patterns: []
  include_vector_patterns: []
  link_templates: []
  links: true
  forms: true
  cookies: true
  ui_inputs: true
  ui_forms: true
  jsons: true
  xmls: true
  nested_cookies: true
browser_cluster:
  local_storage: {}
  session_storage: {}
  wait_for_elements: {}
  wait_for_timers: false
  pool_size: 10
  job_timeout: 60
  worker_time_to_live: 250
  ignore_images: true
  screen_width: 1600
  screen_height: 1200
datastore:
  report_path: C:\Users\Public\Desktop\code\Orchestration\reports\WebApplication\30-03-2022\1648638167//Report_30_3_2022_11_2_47.afr
http:
  user_agent: Mozilla/5.0 (Gecko) Arachni/v1.6.1
  request_timeout: 20000
  request_redirect_limit: 5
  request_concurrency: 10
  request_queue_size: 200
  request_headers: {}
  response_max_size: 10000
  cookies: {}
  authentication_type: auto
input:
  values: {}
  default_values:
    name: arachni_name
    user: arachni_user
    usr: arachni_user
    pass: 5543!%arachni_secret
    txt: arachni_text
    num: '132'
    amount: '100'
    mail: arachni@email.gr
    account: '12'
    id: '1'
  without_defaults: false
  force: false
scope:
  directory_depth_limit: 4
  auto_redundant_paths: 2
  redundant_path_patterns: {}
  dom_depth_limit: 3
  exclude_file_extensions:
  - css
  - png
  exclude_path_patterns: []
  exclude_content_patterns: []
  include_path_patterns:
  - 172.31.33.131
  restrict_paths: []
  extend_paths: []
  url_rewrites: {}
session: {}
checks:
- code_injection
- code_injection_php_input_wrapper
- code_injection_timing
- csrf
- file_inclusion
- ldap_injection
- no_sql_injection
- no_sql_injection_differential
- os_cmd_injection
- os_cmd_injection_timing
- path_traversal
- response_splitting
- rfi
- session_fixation
- source_code_disclosure
- sql_injection
- sql_injection_differential
- sql_injection_timing
- trainer
- unvalidated_redirect
- unvalidated_redirect_dom
- xpath_injection
- xss
- xss_dom
- xss_dom_script_context
- xss_event
- xss_path
- xss_script_context
- xss_tag
- xxe
- allowed_methods
- backdoors
- backup_directories
- backup_files
- common_admin_interfaces
- common_directories
- common_files
- directory_listing
- captcha
- cookie_set_for_parent_domain
- credit_card
- cvs_svn_users
- emails
- form_upload
- hsts
- html_objects
- http_only_cookies
- insecure_cookies
- insecure_cors_policy
- mixed_resource
- password_autocomplete
- private_ip
- ssn
- unencrypted_password_forms
- x_frame_options
- htaccess_limit
- http_put
- insecure_client_access_policy
- insecure_cross_domain_policy_access
- insecure_cross_domain_policy_headers
- interesting_responses
- localstart_asp
- origin_spoof_access_restriction_bypass
- webdav
- xst
platforms:
- windows
plugins:
  exec:
    during: Python C:\Users\Public\Desktop\code\Orchestration\webapps\ThirdPartyTools.py
      172.31.33.131
  autologin:
    url: http://172.31.33.131/dvwa/index.php
    parameters: uid=admin&amp;passw=password
    check: PERSONAL
no_fingerprinting: false
authorized_by:
url: http://172.31.33.131/dvwa/index.php
</options>
  <start_datetime>2022-03-30T11:02:53+00:00</start_datetime>
  <finish_datetime>2022-03-30T11:03:37+00:00</finish_datetime>
  <sitemap>
    <entry url="http://172.31.33.131/dvwa/index.php" code="302"/>
    <entry url="http://172.31.33.131/dvwa/login.php" code="200"/>
  </sitemap>
  <issues>
    <issue>
      <name>HTTP TRACE</name>
      <description>
The `TRACE` HTTP method allows a client so send a request to the server, and
have the same request then send back in the server's response. This allows the
client to determine if the server is receiving the request as expected or if
specific parts of the request are not arriving as expected.
For example incorrect encoding or a load balancer has filtered or changed a value.
On many default installations the `TRACE` method is still enabled.

While not vulnerable by itself, it does provide a method for cyber-criminals to
bypass the `HTTPOnly` cookie flag, and therefore could allow a XSS attack to
successfully access a session token.

Arachni has discovered that the affected page permits the HTTP `TRACE` method.
</description>
      <remedy_guidance>
The HTTP `TRACE` method is normally not required within production sites and
should therefore be disabled.

Depending on the function being performed by the web application, the risk
level can start low and increase as more functionality is implemented.

The remediation is typically a very simple configuration change and in most cases
will not have any negative impact on the server or application.
</remedy_guidance>
      <remedy_code/>
      <severity>medium</severity>
      <check>
        <name>XST</name>
        <description>Sends an HTTP TRACE request and checks if it succeeded.</description>
        <author>Tasos "Zapotek" Laskos &lt;tasos.laskos@arachni-scanner.com&gt;</author>
        <version>0.1.8</version>
        <shortname>xst</shortname>
      </check>
      <cwe>693</cwe>
      <digest>234735376</digest>
      <references>
        <reference title="CAPEC" url="http://capec.mitre.org/data/definitions/107.html"/>
        <reference title="OWASP" url="http://www.owasp.org/index.php/Cross_Site_Tracing"/>
      </references>
      <vector>
        <class>Arachni::Element::Server</class>
        <type>server</type>
        <url>http://172.31.33.131/dvwa/index.php</url>
        <action>http://172.31.33.131/dvwa/index.php</action>
      </vector>
      <remarks/>
      <page>
        <body/>
        <request>
          <url>http://172.31.33.131/dvwa/index.php</url>
          <method>trace</method>
          <parameters/>
          <headers>
            <header name="Accept" value="text/html,application/xhtml+xml,application/xml;q=0.9,*/*;q=0.8"/>
            <header name="User-Agent" value="Mozilla/5.0 (Gecko) Arachni/v1.6.1"/>
            <header name="Accept-Language" value="en-US,en;q=0.8,he;q=0.6"/>
            <header name="X-Arachni-Scan-Seed" value="fcb3e6b7d4a5f7f3b162e87e255dfa6c"/>
            <header name="Cookie" value="security=impossible;PHPSESSID=gs2g0dpdj0tps9sg5j1ifj8qdi"/>
          </headers>
          <body/>
          <raw>TRACE /dvwa/index.php HTTP/1.1&#xD;
Host: 172.31.33.131&#xD;
Authorization: Negotiate TlRMTVNTUAABAAAAt7II4gkACQA3AAAADwAPACgAAAAKAGNFAAAAD0VDMkFNQVotUkZSRUM2NVdPUktHUk9VUA==&#xD;
Accept-Encoding: gzip, deflate&#xD;
User-Agent: Mozilla/5.0 (Gecko) Arachni/v1.6.1&#xD;
Accept: text/html,application/xhtml+xml,application/xml;q=0.9,*/*;q=0.8&#xD;
Accept-Language: en-US,en;q=0.8,he;q=0.6&#xD;
X-Arachni-Scan-Seed: fcb3e6b7d4a5f7f3b162e87e255dfa6c&#xD;
Cookie: security=impossible;PHPSESSID=gs2g0dpdj0tps9sg5j1ifj8qdi&#xD;
&#xD;
</raw>
        </request>
        <response>
          <url>http://172.31.33.131/dvwa/index.php</url>
          <code>200</code>
          <ip_address>172.31.33.131</ip_address>
          <time>0.0051</time>
          <return_code>ok</return_code>
          <return_message>No error</return_message>
          <headers>
            <header name="Date" value="Wed, 30 Mar 2022 11:03:11 GMT"/>
            <header name="Server" value="Apache/2.4.52 (Win64) OpenSSL/1.1.1m PHP/8.1.2"/>
            <header name="Transfer-Encoding" value="chunked"/>
            <header name="Content-Type" value="message/http"/>
          </headers>
          <body/>
          <raw_headers>HTTP/1.1 200 OK&#xD;
Date: Wed, 30 Mar 2022 11:03:11 GMT&#xD;
Server: Apache/2.4.52 (Win64) OpenSSL/1.1.1m PHP/8.1.2&#xD;
Transfer-Encoding: chunked&#xD;
Content-Type: message/http&#xD;
&#xD;
</raw_headers>
        </response>
        <dom>
          <url>http://172.31.33.131/dvwa/index.php</url>
          <transitions/>
          <data_flow_sinks/>
          <execution_flow_sinks/>
        </dom>
      </page>
      <referring_page>
        <body/>
        <request>
          <url>http://172.31.33.131/dvwa/index.php</url>
          <method>get</method>
          <parameters/>
          <headers>
            <header name="Accept" value="text/html,application/xhtml+xml,application/xml;q=0.9,*/*;q=0.8"/>
            <header name="User-Agent" value="Mozilla/5.0 (Gecko) Arachni/v1.6.1"/>
            <header name="Accept-Language" value="en-US,en;q=0.8,he;q=0.6"/>
            <header name="X-Arachni-Scan-Seed" value="fcb3e6b7d4a5f7f3b162e87e255dfa6c"/>
            <header name="Cookie" value="security=impossible;PHPSESSID=gs2g0dpdj0tps9sg5j1ifj8qdi"/>
          </headers>
          <body/>
          <raw>GET /dvwa/index.php HTTP/1.1&#xD;
Host: 172.31.33.131&#xD;
Authorization: Negotiate TlRMTVNTUAABAAAAt7II4gkACQA3AAAADwAPACgAAAAKAGNFAAAAD0VDMkFNQVotUkZSRUM2NVdPUktHUk9VUA==&#xD;
Accept-Encoding: gzip, deflate&#xD;
User-Agent: Mozilla/5.0 (Gecko) Arachni/v1.6.1&#xD;
Accept: text/html,application/xhtml+xml,application/xml;q=0.9,*/*;q=0.8&#xD;
Accept-Language: en-US,en;q=0.8,he;q=0.6&#xD;
X-Arachni-Scan-Seed: fcb3e6b7d4a5f7f3b162e87e255dfa6c&#xD;
Cookie: security=impossible;PHPSESSID=gs2g0dpdj0tps9sg5j1ifj8qdi&#xD;
&#xD;
</raw>
        </request>
        <response>
          <url>http://172.31.33.131/dvwa/index.php</url>
          <code>302</code>
          <ip_address>172.31.33.131</ip_address>
          <time>0.0066</time>
          <return_code>ok</return_code>
          <return_message>No error</return_message>
          <headers>
            <header name="Date" value="Wed, 30 Mar 2022 11:03:09 GMT"/>
            <header name="Server" value="Apache/2.4.52 (Win64) OpenSSL/1.1.1m PHP/8.1.2"/>
            <header name="X-Powered-By" value="PHP/8.1.2"/>
            <header name="Expires" value="Thu, 19 Nov 1981 08:52:00 GMT"/>
            <header name="Cache-Control" value="no-store, no-cache, must-revalidate"/>
            <header name="Pragma" value="no-cache"/>
            <header name="Location" value="login.php"/>
            <header name="Content-Length" value="0"/>
            <header name="Content-Type" value="text/html; charset=UTF-8"/>
          </headers>
          <body/>
          <raw_headers>HTTP/1.1 302 Found&#xD;
Date: Wed, 30 Mar 2022 11:03:09 GMT&#xD;
Server: Apache/2.4.52 (Win64) OpenSSL/1.1.1m PHP/8.1.2&#xD;
X-Powered-By: PHP/8.1.2&#xD;
Expires: Thu, 19 Nov 1981 08:52:00 GMT&#xD;
Cache-Control: no-store, no-cache, must-revalidate&#xD;
Pragma: no-cache&#xD;
Location: login.php&#xD;
Content-Length: 0&#xD;
Content-Type: text/html; charset=UTF-8&#xD;
&#xD;
</raw_headers>
        </response>
        <dom>
          <url>http://172.31.33.131/dvwa/index.php</url>
          <transitions/>
          <data_flow_sinks/>
          <execution_flow_sinks/>
        </dom>
      </referring_page>
      <signature/>
      <proof>HTTP/1.1 200 OK</proof>
      <trusted>true</trusted>
      <platform_type/>
      <platform_name/>
    </issue>
    <issue>
      <name>Interesting response</name>
      <description>
The server responded with a non 200 (OK) nor 404 (Not Found) status code.
This is a non-issue, however exotic HTTP response status codes can provide useful
insights into the behavior of the web application and assist with the penetration test.
</description>
      <remedy_guidance/>
      <remedy_code/>
      <severity>informational</severity>
      <check>
        <name>Interesting responses</name>
        <description>Logs all non 200 (OK) server responses.</description>
        <author>Tasos "Zapotek" Laskos &lt;tasos.laskos@arachni-scanner.com&gt;</author>
        <version>0.2.1</version>
        <shortname>interesting_responses</shortname>
      </check>
      <digest>4184692649</digest>
      <references>
        <reference title="w3.org" url="http://www.w3.org/Protocols/rfc2616/rfc2616-sec10.html"/>
      </references>
      <vector>
        <class>Arachni::Element::Server</class>
        <type>server</type>
        <url>http://172.31.33.131/dvwa/index.php</url>
        <action>http://172.31.33.131/dvwa/index.php</action>
      </vector>
      <remarks/>
      <page>
        <body>&lt;br /&gt;
&lt;b&gt;Warning&lt;/b&gt;:  session_start(): Session ID is too long or contains illegal characters. Only the A-Z, a-z, 0-9, &amp;quot;-&amp;quot;, and &amp;quot;,&amp;quot; characters are allowed in &lt;b&gt;C:\xampp\htdocs\dvwa\dvwa\includes\dvwaPage.inc.php&lt;/b&gt; on line &lt;b&gt;8&lt;/b&gt;&lt;br /&gt;
&lt;br /&gt;
&lt;b&gt;Warning&lt;/b&gt;:  session_start(): Failed to read session data: files (path: C:\xampp\tmp) in &lt;b&gt;C:\xampp\htdocs\dvwa\dvwa\includes\dvwaPage.inc.php&lt;/b&gt; on line &lt;b&gt;8&lt;/b&gt;&lt;br /&gt;
</body>
        <request>
          <url>http://172.31.33.131/dvwa/index.php</url>
          <method>get</method>
          <parameters/>
          <headers>
            <header name="Accept" value="text/html,application/xhtml+xml,application/xml;q=0.9,*/*;q=0.8"/>
            <header name="User-Agent" value="Mozilla/5.0 (Gecko) Arachni/v1.6.1"/>
            <header name="Accept-Language" value="en-US,en;q=0.8,he;q=0.6"/>
            <header name="X-Arachni-Scan-Seed" value="fcb3e6b7d4a5f7f3b162e87e255dfa6c"/>
            <header name="Cookie" value="PHPSESSID=hTtP://tests.arachni-scanner.com/rfi.md5.txt;security=impossible"/>
          </headers>
          <body/>
          <raw>GET /dvwa/index.php HTTP/1.1&#xD;
Host: 172.31.33.131&#xD;
Authorization: Negotiate TlRMTVNTUAABAAAAt7II4gkACQA3AAAADwAPACgAAAAKAGNFAAAAD0VDMkFNQVotUkZSRUM2NVdPUktHUk9VUA==&#xD;
Accept-Encoding: gzip, deflate&#xD;
User-Agent: Mozilla/5.0 (Gecko) Arachni/v1.6.1&#xD;
Accept: text/html,application/xhtml+xml,application/xml;q=0.9,*/*;q=0.8&#xD;
Accept-Language: en-US,en;q=0.8,he;q=0.6&#xD;
X-Arachni-Scan-Seed: fcb3e6b7d4a5f7f3b162e87e255dfa6c&#xD;
Cookie: PHPSESSID=hTtP://tests.arachni-scanner.com/rfi.md5.txt;security=impossible&#xD;
&#xD;
</raw>
        </request>
        <response>
          <url>http://172.31.33.131/dvwa/index.php</url>
          <code>302</code>
          <ip_address>172.31.33.131</ip_address>
          <time>0.0042</time>
          <return_code>ok</return_code>
          <return_message>No error</return_message>
          <headers>
            <header name="Date" value="Wed, 30 Mar 2022 11:03:10 GMT"/>
            <header name="Server" value="Apache/2.4.52 (Win64) OpenSSL/1.1.1m PHP/8.1.2"/>
            <header name="X-Powered-By" value="PHP/8.1.2"/>
            <header name="Location" value="login.php"/>
            <header name="Content-Length" value="443"/>
            <header name="Content-Type" value="text/html; charset=UTF-8"/>
          </headers>
          <body>&lt;br /&gt;
&lt;b&gt;Warning&lt;/b&gt;:  session_start(): Session ID is too long or contains illegal characters. Only the A-Z, a-z, 0-9, &amp;quot;-&amp;quot;, and &amp;quot;,&amp;quot; characters are allowed in &lt;b&gt;C:\xampp\htdocs\dvwa\dvwa\includes\dvwaPage.inc.php&lt;/b&gt; on line &lt;b&gt;8&lt;/b&gt;&lt;br /&gt;
&lt;br /&gt;
&lt;b&gt;Warning&lt;/b&gt;:  session_start(): Failed to read session data: files (path: C:\xampp\tmp) in &lt;b&gt;C:\xampp\htdocs\dvwa\dvwa\includes\dvwaPage.inc.php&lt;/b&gt; on line &lt;b&gt;8&lt;/b&gt;&lt;br /&gt;
</body>
          <raw_headers>HTTP/1.1 302 Found&#xD;
Date: Wed, 30 Mar 2022 11:03:10 GMT&#xD;
Server: Apache/2.4.52 (Win64) OpenSSL/1.1.1m PHP/8.1.2&#xD;
X-Powered-By: PHP/8.1.2&#xD;
Location: login.php&#xD;
Content-Length: 443&#xD;
Content-Type: text/html; charset=UTF-8&#xD;
&#xD;
</raw_headers>
        </response>
        <dom>
          <url>http://172.31.33.131/dvwa/index.php</url>
          <transitions/>
          <data_flow_sinks/>
          <execution_flow_sinks/>
        </dom>
      </page>
      <referring_page>
        <body/>
        <request>
          <url>http://172.31.33.131/dvwa/index.php</url>
          <method>get</method>
          <parameters/>
          <headers>
            <header name="Accept" value="text/html,application/xhtml+xml,application/xml;q=0.9,*/*;q=0.8"/>
            <header name="User-Agent" value="Mozilla/5.0 (Gecko) Arachni/v1.6.1"/>
            <header name="Accept-Language" value="en-US,en;q=0.8,he;q=0.6"/>
            <header name="X-Arachni-Scan-Seed" value="fcb3e6b7d4a5f7f3b162e87e255dfa6c"/>
            <header name="Cookie" value="security=impossible;PHPSESSID=gs2g0dpdj0tps9sg5j1ifj8qdi"/>
          </headers>
          <body/>
          <raw>GET /dvwa/index.php HTTP/1.1&#xD;
Host: 172.31.33.131&#xD;
Authorization: Negotiate TlRMTVNTUAABAAAAt7II4gkACQA3AAAADwAPACgAAAAKAGNFAAAAD0VDMkFNQVotUkZSRUM2NVdPUktHUk9VUA==&#xD;
Accept-Encoding: gzip, deflate&#xD;
User-Agent: Mozilla/5.0 (Gecko) Arachni/v1.6.1&#xD;
Accept: text/html,application/xhtml+xml,application/xml;q=0.9,*/*;q=0.8&#xD;
Accept-Language: en-US,en;q=0.8,he;q=0.6&#xD;
X-Arachni-Scan-Seed: fcb3e6b7d4a5f7f3b162e87e255dfa6c&#xD;
Cookie: security=impossible;PHPSESSID=gs2g0dpdj0tps9sg5j1ifj8qdi&#xD;
&#xD;
</raw>
        </request>
        <response>
          <url>http://172.31.33.131/dvwa/index.php</url>
          <code>302</code>
          <ip_address>172.31.33.131</ip_address>
          <time>0.0066</time>
          <return_code>ok</return_code>
          <return_message>No error</return_message>
          <headers>
            <header name="Date" value="Wed, 30 Mar 2022 11:03:09 GMT"/>
            <header name="Server" value="Apache/2.4.52 (Win64) OpenSSL/1.1.1m PHP/8.1.2"/>
            <header name="X-Powered-By" value="PHP/8.1.2"/>
            <header name="Expires" value="Thu, 19 Nov 1981 08:52:00 GMT"/>
            <header name="Cache-Control" value="no-store, no-cache, must-revalidate"/>
            <header name="Pragma" value="no-cache"/>
            <header name="Location" value="login.php"/>
            <header name="Content-Length" value="0"/>
            <header name="Content-Type" value="text/html; charset=UTF-8"/>
          </headers>
          <body/>
          <raw_headers>HTTP/1.1 302 Found&#xD;
Date: Wed, 30 Mar 2022 11:03:09 GMT&#xD;
Server: Apache/2.4.52 (Win64) OpenSSL/1.1.1m PHP/8.1.2&#xD;
X-Powered-By: PHP/8.1.2&#xD;
Expires: Thu, 19 Nov 1981 08:52:00 GMT&#xD;
Cache-Control: no-store, no-cache, must-revalidate&#xD;
Pragma: no-cache&#xD;
Location: login.php&#xD;
Content-Length: 0&#xD;
Content-Type: text/html; charset=UTF-8&#xD;
&#xD;
</raw_headers>
        </response>
        <dom>
          <url>http://172.31.33.131/dvwa/index.php</url>
          <transitions/>
          <data_flow_sinks/>
          <execution_flow_sinks/>
        </dom>
      </referring_page>
      <signature/>
      <proof>HTTP/1.1 302 Found</proof>
      <trusted>true</trusted>
      <platform_type/>
      <platform_name/>
    </issue>
    <issue>
      <name>Interesting response</name>
      <description>
The server responded with a non 200 (OK) nor 404 (Not Found) status code.
This is a non-issue, however exotic HTTP response status codes can provide useful
insights into the behavior of the web application and assist with the penetration test.
</description>
      <remedy_guidance/>
      <remedy_code/>
      <severity>informational</severity>
      <check>
        <name>Interesting responses</name>
        <description>Logs all non 200 (OK) server responses.</description>
        <author>Tasos "Zapotek" Laskos &lt;tasos.laskos@arachni-scanner.com&gt;</author>
        <version>0.2.1</version>
        <shortname>interesting_responses</shortname>
      </check>
      <digest>2781939372</digest>
      <references>
        <reference title="w3.org" url="http://www.w3.org/Protocols/rfc2616/rfc2616-sec10.html"/>
      </references>
      <vector>
        <class>Arachni::Element::Server</class>
        <type>server</type>
        <url>http://172.31.33.131/dvwa/Arachni-fcb3e6b7d4a5f7f3b162e87e255dfa6c</url>
        <action>http://172.31.33.131/dvwa/Arachni-fcb3e6b7d4a5f7f3b162e87e255dfa6c</action>
      </vector>
      <remarks/>
      <page>
        <body>&lt;!DOCTYPE HTML PUBLIC "-//IETF//DTD HTML 2.0//EN"&gt;
&lt;html&gt;&lt;head&gt;
&lt;title&gt;405 Method Not Allowed&lt;/title&gt;
&lt;/head&gt;&lt;body&gt;
&lt;h1&gt;Method Not Allowed&lt;/h1&gt;
&lt;p&gt;The requested method PUT is not allowed for this URL.&lt;/p&gt;
&lt;hr&gt;
&lt;address&gt;Apache/2.4.52 (Win64) OpenSSL/1.1.1m PHP/8.1.2 Server at 172.31.33.131 Port 80&lt;/address&gt;
&lt;/body&gt;&lt;/html&gt;
</body>
        <request>
          <url>http://172.31.33.131/dvwa/Arachni-fcb3e6b7d4a5f7f3b162e87e255dfa6c</url>
          <method>put</method>
          <parameters/>
          <headers>
            <header name="Accept" value="text/html,application/xhtml+xml,application/xml;q=0.9,*/*;q=0.8"/>
            <header name="User-Agent" value="Mozilla/5.0 (Gecko) Arachni/v1.6.1"/>
            <header name="Accept-Language" value="en-US,en;q=0.8,he;q=0.6"/>
            <header name="X-Arachni-Scan-Seed" value="fcb3e6b7d4a5f7f3b162e87e255dfa6c"/>
            <header name="Cookie" value="security=impossible;PHPSESSID=gs2g0dpdj0tps9sg5j1ifj8qdi"/>
          </headers>
          <body>Created by Arachni. PUTfcb3e6b7d4a5f7f3b162e87e255dfa6c</body>
          <raw>PUT /dvwa/Arachni-fcb3e6b7d4a5f7f3b162e87e255dfa6c HTTP/1.1&#xD;
Host: 172.31.33.131&#xD;
Authorization: Negotiate TlRMTVNTUAABAAAAt7II4gkACQA3AAAADwAPACgAAAAKAGNFAAAAD0VDMkFNQVotUkZSRUM2NVdPUktHUk9VUA==&#xD;
Accept-Encoding: gzip, deflate&#xD;
User-Agent: Mozilla/5.0 (Gecko) Arachni/v1.6.1&#xD;
Accept: text/html,application/xhtml+xml,application/xml;q=0.9,*/*;q=0.8&#xD;
Accept-Language: en-US,en;q=0.8,he;q=0.6&#xD;
X-Arachni-Scan-Seed: fcb3e6b7d4a5f7f3b162e87e255dfa6c&#xD;
Cookie: security=impossible;PHPSESSID=gs2g0dpdj0tps9sg5j1ifj8qdi&#xD;
Content-Length: 55&#xD;
&#xD;
Created by Arachni. PUTfcb3e6b7d4a5f7f3b162e87e255dfa6c</raw>
        </request>
        <response>
          <url>http://172.31.33.131/dvwa/Arachni-fcb3e6b7d4a5f7f3b162e87e255dfa6c</url>
          <code>405</code>
          <ip_address>172.31.33.131</ip_address>
          <time>0.0168</time>
          <return_code>ok</return_code>
          <return_message>No error</return_message>
          <headers>
            <header name="Date" value="Wed, 30 Mar 2022 11:03:11 GMT"/>
            <header name="Server" value="Apache/2.4.52 (Win64) OpenSSL/1.1.1m PHP/8.1.2"/>
            <header name="Allow" value="GET,POST,OPTIONS,HEAD,TRACE"/>
            <header name="Content-Length" value="323"/>
            <header name="Content-Type" value="text/html; charset=iso-8859-1"/>
          </headers>
          <body>&lt;!DOCTYPE HTML PUBLIC "-//IETF//DTD HTML 2.0//EN"&gt;
&lt;html&gt;&lt;head&gt;
&lt;title&gt;405 Method Not Allowed&lt;/title&gt;
&lt;/head&gt;&lt;body&gt;
&lt;h1&gt;Method Not Allowed&lt;/h1&gt;
&lt;p&gt;The requested method PUT is not allowed for this URL.&lt;/p&gt;
&lt;hr&gt;
&lt;address&gt;Apache/2.4.52 (Win64) OpenSSL/1.1.1m PHP/8.1.2 Server at 172.31.33.131 Port 80&lt;/address&gt;
&lt;/body&gt;&lt;/html&gt;
</body>
          <raw_headers>HTTP/1.1 405 Method Not Allowed&#xD;
Date: Wed, 30 Mar 2022 11:03:11 GMT&#xD;
Server: Apache/2.4.52 (Win64) OpenSSL/1.1.1m PHP/8.1.2&#xD;
Allow: GET,POST,OPTIONS,HEAD,TRACE&#xD;
Content-Length: 323&#xD;
Content-Type: text/html; charset=iso-8859-1&#xD;
&#xD;
</raw_headers>
        </response>
        <dom>
          <url>http://172.31.33.131/dvwa/Arachni-fcb3e6b7d4a5f7f3b162e87e255dfa6c</url>
          <transitions/>
          <data_flow_sinks/>
          <execution_flow_sinks/>
        </dom>
      </page>
      <referring_page>
        <body/>
        <request>
          <url>http://172.31.33.131/dvwa/index.php</url>
          <method>get</method>
          <parameters/>
          <headers>
            <header name="Accept" value="text/html,application/xhtml+xml,application/xml;q=0.9,*/*;q=0.8"/>
            <header name="User-Agent" value="Mozilla/5.0 (Gecko) Arachni/v1.6.1"/>
            <header name="Accept-Language" value="en-US,en;q=0.8,he;q=0.6"/>
            <header name="X-Arachni-Scan-Seed" value="fcb3e6b7d4a5f7f3b162e87e255dfa6c"/>
            <header name="Cookie" value="security=impossible;PHPSESSID=gs2g0dpdj0tps9sg5j1ifj8qdi"/>
          </headers>
          <body/>
          <raw>GET /dvwa/index.php HTTP/1.1&#xD;
Host: 172.31.33.131&#xD;
Authorization: Negotiate TlRMTVNTUAABAAAAt7II4gkACQA3AAAADwAPACgAAAAKAGNFAAAAD0VDMkFNQVotUkZSRUM2NVdPUktHUk9VUA==&#xD;
Accept-Encoding: gzip, deflate&#xD;
User-Agent: Mozilla/5.0 (Gecko) Arachni/v1.6.1&#xD;
Accept: text/html,application/xhtml+xml,application/xml;q=0.9,*/*;q=0.8&#xD;
Accept-Language: en-US,en;q=0.8,he;q=0.6&#xD;
X-Arachni-Scan-Seed: fcb3e6b7d4a5f7f3b162e87e255dfa6c&#xD;
Cookie: security=impossible;PHPSESSID=gs2g0dpdj0tps9sg5j1ifj8qdi&#xD;
&#xD;
</raw>
        </request>
        <response>
          <url>http://172.31.33.131/dvwa/index.php</url>
          <code>302</code>
          <ip_address>172.31.33.131</ip_address>
          <time>0.0066</time>
          <return_code>ok</return_code>
          <return_message>No error</return_message>
          <headers>
            <header name="Date" value="Wed, 30 Mar 2022 11:03:09 GMT"/>
            <header name="Server" value="Apache/2.4.52 (Win64) OpenSSL/1.1.1m PHP/8.1.2"/>
            <header name="X-Powered-By" value="PHP/8.1.2"/>
            <header name="Expires" value="Thu, 19 Nov 1981 08:52:00 GMT"/>
            <header name="Cache-Control" value="no-store, no-cache, must-revalidate"/>
            <header name="Pragma" value="no-cache"/>
            <header name="Location" value="login.php"/>
            <header name="Content-Length" value="0"/>
            <header name="Content-Type" value="text/html; charset=UTF-8"/>
          </headers>
          <body/>
          <raw_headers>HTTP/1.1 302 Found&#xD;
Date: Wed, 30 Mar 2022 11:03:09 GMT&#xD;
Server: Apache/2.4.52 (Win64) OpenSSL/1.1.1m PHP/8.1.2&#xD;
X-Powered-By: PHP/8.1.2&#xD;
Expires: Thu, 19 Nov 1981 08:52:00 GMT&#xD;
Cache-Control: no-store, no-cache, must-revalidate&#xD;
Pragma: no-cache&#xD;
Location: login.php&#xD;
Content-Length: 0&#xD;
Content-Type: text/html; charset=UTF-8&#xD;
&#xD;
</raw_headers>
        </response>
        <dom>
          <url>http://172.31.33.131/dvwa/index.php</url>
          <transitions/>
          <data_flow_sinks/>
          <execution_flow_sinks/>
        </dom>
      </referring_page>
      <signature/>
      <proof>HTTP/1.1 405 Method Not Allowed</proof>
      <trusted>true</trusted>
      <platform_type/>
      <platform_name/>
    </issue>
    <issue>
      <name>Interesting response</name>
      <description>
The server responded with a non 200 (OK) nor 404 (Not Found) status code.
This is a non-issue, however exotic HTTP response status codes can provide useful
insights into the behavior of the web application and assist with the penetration test.
</description>
      <remedy_guidance/>
      <remedy_code/>
      <severity>informational</severity>
      <check>
        <name>Interesting responses</name>
        <description>Logs all non 200 (OK) server responses.</description>
        <author>Tasos "Zapotek" Laskos &lt;tasos.laskos@arachni-scanner.com&gt;</author>
        <version>0.2.1</version>
        <shortname>interesting_responses</shortname>
      </check>
      <digest>170119171</digest>
      <references>
        <reference title="w3.org" url="http://www.w3.org/Protocols/rfc2616/rfc2616-sec10.html"/>
      </references>
      <vector>
        <class>Arachni::Element::Server</class>
        <type>server</type>
        <url>http://172.31.33.131/dvwa/%3Cmy_tag_fcb3e6b7d4a5f7f3b162e87e255dfa6c/%3E</url>
        <action>http://172.31.33.131/dvwa/%3Cmy_tag_fcb3e6b7d4a5f7f3b162e87e255dfa6c/%3E</action>
      </vector>
      <remarks/>
      <page>
        <body>&lt;!DOCTYPE HTML PUBLIC "-//IETF//DTD HTML 2.0//EN"&gt;
&lt;html&gt;&lt;head&gt;
&lt;title&gt;403 Forbidden&lt;/title&gt;
&lt;/head&gt;&lt;body&gt;
&lt;h1&gt;Forbidden&lt;/h1&gt;
&lt;p&gt;You don't have permission to access this resource.&lt;/p&gt;
&lt;hr&gt;
&lt;address&gt;Apache/2.4.52 (Win64) OpenSSL/1.1.1m PHP/8.1.2 Server at 172.31.33.131 Port 80&lt;/address&gt;
&lt;/body&gt;&lt;/html&gt;
</body>
        <request>
          <url>http://172.31.33.131/dvwa/%3Cmy_tag_fcb3e6b7d4a5f7f3b162e87e255dfa6c/%3E</url>
          <method>get</method>
          <parameters/>
          <headers>
            <header name="Accept" value="text/html,application/xhtml+xml,application/xml;q=0.9,*/*;q=0.8"/>
            <header name="User-Agent" value="Mozilla/5.0 (Gecko) Arachni/v1.6.1"/>
            <header name="Accept-Language" value="en-US,en;q=0.8,he;q=0.6"/>
            <header name="X-Arachni-Scan-Seed" value="fcb3e6b7d4a5f7f3b162e87e255dfa6c"/>
            <header name="Cookie" value="security=impossible;PHPSESSID=gs2g0dpdj0tps9sg5j1ifj8qdi"/>
          </headers>
          <body/>
          <raw>GET /dvwa/%3Cmy_tag_fcb3e6b7d4a5f7f3b162e87e255dfa6c/%3E HTTP/1.1&#xD;
Host: 172.31.33.131&#xD;
Authorization: Negotiate TlRMTVNTUAABAAAAt7II4gkACQA3AAAADwAPACgAAAAKAGNFAAAAD0VDMkFNQVotUkZSRUM2NVdPUktHUk9VUA==&#xD;
Accept-Encoding: gzip, deflate&#xD;
User-Agent: Mozilla/5.0 (Gecko) Arachni/v1.6.1&#xD;
Accept: text/html,application/xhtml+xml,application/xml;q=0.9,*/*;q=0.8&#xD;
Accept-Language: en-US,en;q=0.8,he;q=0.6&#xD;
X-Arachni-Scan-Seed: fcb3e6b7d4a5f7f3b162e87e255dfa6c&#xD;
Cookie: security=impossible;PHPSESSID=gs2g0dpdj0tps9sg5j1ifj8qdi&#xD;
&#xD;
</raw>
        </request>
        <response>
          <url>http://172.31.33.131/dvwa/%3Cmy_tag_fcb3e6b7d4a5f7f3b162e87e255dfa6c/%3E</url>
          <code>403</code>
          <ip_address>172.31.33.131</ip_address>
          <time>0.0012</time>
          <return_code>ok</return_code>
          <return_message>No error</return_message>
          <headers>
            <header name="Date" value="Wed, 30 Mar 2022 11:03:11 GMT"/>
            <header name="Server" value="Apache/2.4.52 (Win64) OpenSSL/1.1.1m PHP/8.1.2"/>
            <header name="Content-Length" value="302"/>
            <header name="Content-Type" value="text/html; charset=iso-8859-1"/>
          </headers>
          <body>&lt;!DOCTYPE HTML PUBLIC "-//IETF//DTD HTML 2.0//EN"&gt;
&lt;html&gt;&lt;head&gt;
&lt;title&gt;403 Forbidden&lt;/title&gt;
&lt;/head&gt;&lt;body&gt;
&lt;h1&gt;Forbidden&lt;/h1&gt;
&lt;p&gt;You don't have permission to access this resource.&lt;/p&gt;
&lt;hr&gt;
&lt;address&gt;Apache/2.4.52 (Win64) OpenSSL/1.1.1m PHP/8.1.2 Server at 172.31.33.131 Port 80&lt;/address&gt;
&lt;/body&gt;&lt;/html&gt;
</body>
          <raw_headers>HTTP/1.1 403 Forbidden&#xD;
Date: Wed, 30 Mar 2022 11:03:11 GMT&#xD;
Server: Apache/2.4.52 (Win64) OpenSSL/1.1.1m PHP/8.1.2&#xD;
Content-Length: 302&#xD;
Content-Type: text/html; charset=iso-8859-1&#xD;
&#xD;
</raw_headers>
        </response>
        <dom>
          <url>http://172.31.33.131/dvwa/%3Cmy_tag_fcb3e6b7d4a5f7f3b162e87e255dfa6c/%3E</url>
          <transitions/>
          <data_flow_sinks/>
          <execution_flow_sinks/>
        </dom>
      </page>
      <referring_page>
        <body/>
        <request>
          <url>http://172.31.33.131/dvwa/index.php</url>
          <method>get</method>
          <parameters/>
          <headers>
            <header name="Accept" value="text/html,application/xhtml+xml,application/xml;q=0.9,*/*;q=0.8"/>
            <header name="User-Agent" value="Mozilla/5.0 (Gecko) Arachni/v1.6.1"/>
            <header name="Accept-Language" value="en-US,en;q=0.8,he;q=0.6"/>
            <header name="X-Arachni-Scan-Seed" value="fcb3e6b7d4a5f7f3b162e87e255dfa6c"/>
            <header name="Cookie" value="security=impossible;PHPSESSID=gs2g0dpdj0tps9sg5j1ifj8qdi"/>
          </headers>
          <body/>
          <raw>GET /dvwa/index.php HTTP/1.1&#xD;
Host: 172.31.33.131&#xD;
Authorization: Negotiate TlRMTVNTUAABAAAAt7II4gkACQA3AAAADwAPACgAAAAKAGNFAAAAD0VDMkFNQVotUkZSRUM2NVdPUktHUk9VUA==&#xD;
Accept-Encoding: gzip, deflate&#xD;
User-Agent: Mozilla/5.0 (Gecko) Arachni/v1.6.1&#xD;
Accept: text/html,application/xhtml+xml,application/xml;q=0.9,*/*;q=0.8&#xD;
Accept-Language: en-US,en;q=0.8,he;q=0.6&#xD;
X-Arachni-Scan-Seed: fcb3e6b7d4a5f7f3b162e87e255dfa6c&#xD;
Cookie: security=impossible;PHPSESSID=gs2g0dpdj0tps9sg5j1ifj8qdi&#xD;
&#xD;
</raw>
        </request>
        <response>
          <url>http://172.31.33.131/dvwa/index.php</url>
          <code>302</code>
          <ip_address>172.31.33.131</ip_address>
          <time>0.0066</time>
          <return_code>ok</return_code>
          <return_message>No error</return_message>
          <headers>
            <header name="Date" value="Wed, 30 Mar 2022 11:03:09 GMT"/>
            <header name="Server" value="Apache/2.4.52 (Win64) OpenSSL/1.1.1m PHP/8.1.2"/>
            <header name="X-Powered-By" value="PHP/8.1.2"/>
            <header name="Expires" value="Thu, 19 Nov 1981 08:52:00 GMT"/>
            <header name="Cache-Control" value="no-store, no-cache, must-revalidate"/>
            <header name="Pragma" value="no-cache"/>
            <header name="Location" value="login.php"/>
            <header name="Content-Length" value="0"/>
            <header name="Content-Type" value="text/html; charset=UTF-8"/>
          </headers>
          <body/>
          <raw_headers>HTTP/1.1 302 Found&#xD;
Date: Wed, 30 Mar 2022 11:03:09 GMT&#xD;
Server: Apache/2.4.52 (Win64) OpenSSL/1.1.1m PHP/8.1.2&#xD;
X-Powered-By: PHP/8.1.2&#xD;
Expires: Thu, 19 Nov 1981 08:52:00 GMT&#xD;
Cache-Control: no-store, no-cache, must-revalidate&#xD;
Pragma: no-cache&#xD;
Location: login.php&#xD;
Content-Length: 0&#xD;
Content-Type: text/html; charset=UTF-8&#xD;
&#xD;
</raw_headers>
        </response>
        <dom>
          <url>http://172.31.33.131/dvwa/index.php</url>
          <transitions/>
          <data_flow_sinks/>
          <execution_flow_sinks/>
        </dom>
      </referring_page>
      <signature/>
      <proof>HTTP/1.1 403 Forbidden</proof>
      <trusted>true</trusted>
      <platform_type/>
      <platform_name/>
    </issue>
  </issues>
  <plugins>
    <autologin>
      <name>AutoLogin</name>
      <description>
It looks for the login form in the user provided URL, merges its input fields
with the user supplied parameters and sets the cookies of the response and
request as framework-wide cookies.

**NOTICE**: If the login form is by default hidden and requires a sequence of DOM
interactions in order to become visible, this plugin will not be able to submit it.
</description>
      <results>
        <message>Could not find a form suiting the provided parameters.</message>
        <status>form_not_found</status>
      </results>
    </autologin>
    <exec>
      <name>Exec</name>
      <description>
Calls external executables at different scan stages.

The following variables can be used in the executable string:

* `__URL__`: Target URL.
* `__URL_SCHEME__`: URL scheme (http/https).
* `__URL_HOST__`: URL host.
* `__URL_PORT__`: URL port.
* `__STAGE__`: Scan stage (pre/during/post).
* `__ISSUE_COUNT__`: Amount of logged issues.
* `__SITEMAP_SIZE__`: Amount of discovered pages.
* `__FRAMEWORK_RUNTIME__`: Scan runtime.
* `__FRAMEWORK_STATUS__`: Framework status.

**Example:**

The following:

    echo "__URL__ __URL_SCHEME__ __URL_HOST__ __URL_PORT__ __STAGE__ __ISSUE_COUNT__ __SITEMAP_SIZE__ __FRAMEWORK_RUNTIME__ __FRAMEWORK_STATUS__"

Will result in:

    http://testfire.net/ http testfire.net 80 post 0 2 3.906482517 cleanup

_Will not work over RPC._
</description>
      <results>
        <outcome>
          <stage>during</stage>
          <status>0</status>
          <pid>1336</pid>
          <executable>Python C:\Users\Public\Desktop\code\Orchestration\webapps\ThirdPartyTools.py 172.31.33.131</executable>
          <stdout>Starting Nmap 7.92 ( https://nmap.org ) at 2022-03-30 11:02 Coordinated Universal Time
Nmap scan report for host.docker.internal (172.31.33.131)
Host is up (0.0010s latency).
Not shown: 989 closed tcp ports (reset)
PORT     STATE SERVICE       VERSION
80/tcp   open  http          Apache httpd 2.4.52 (OpenSSL/1.1.1m PHP/8.1.2)
135/tcp  open  msrpc         Microsoft Windows RPC
139/tcp  open  netbios-ssn   Microsoft Windows netbios-ssn
443/tcp  open  ssl/http      Apache httpd 2.4.52 (OpenSSL/1.1.1m PHP/8.1.2)
445/tcp  open  microsoft-ds?
2179/tcp open  vmrdp?
3306/tcp open  mysql?
3389/tcp open  ms-wbt-server Microsoft Terminal Services
5357/tcp open  http          Microsoft HTTPAPI httpd 2.0 (SSDP/UPnP)
5432/tcp open  postgresql    PostgreSQL DB 9.6.0 or later
8090/tcp open  http          Jetty 9.4.43.v20210629
1 service unrecognized despite returning data. If you know the service/version, please submit the following fingerprint at https://nmap.org/cgi-bin/submit.cgi?new-service :
SF-Port3306-TCP:V=7.92%I=7%D=3/30%Time=624438E2%P=i686-pc-windows-windows%
SF:r(NULL,53,"O\0\0\x01\xffj\x04Host\x20'host\.docker\.internal'\x20is\x20
SF:not\x20allowed\x20to\x20connect\x20to\x20this\x20MariaDB\x20server");
Service Info: Hosts: localhost, www.example.com; OS: Windows; CPE: cpe:/o:microsoft:windows

Service detection performed. Please report any incorrect results at https://nmap.org/submit/ .
Nmap done: 1 IP address (1 host up) scanned in 22.69 seconds
                   _
           ___ ___| |___  ___ __ _ _ __
          / __/ __| / __|/ __/ _` | '_ \
          \__ \__ \ \__ \ (_| (_| | | | |
          |___/___/_|___/\___\__,_|_| |_|

                  Version 1.8.2-win
             http://www.titania.co.uk
        Copyright Ian Ventura-Whiting 2009
    Compiled against OpenSSL 0.9.8m 25 Feb 2010

Testing SSL server 172.31.33.131 on port 443

  Supported Server Cipher(s):
    Rejected  SSLv2  168 bits  DES-CBC3-MD5
    Rejected  SSLv2   56 bits  DES-CBC-MD5
    Rejected  SSLv2  128 bits  IDEA-CBC-MD5
    Rejected  SSLv2   40 bits  EXP-RC2-CBC-MD5
    Rejected  SSLv2  128 bits  RC2-CBC-MD5
    Rejected  SSLv2   40 bits  EXP-RC4-MD5
    Rejected  SSLv2  128 bits  RC4-MD5
    Rejected  SSLv3  256 bits  ADH-AES256-SHA
    Rejected  SSLv3  256 bits  DHE-RSA-AES256-SHA
    Rejected  SSLv3  256 bits  DHE-DSS-AES256-SHA
    Rejected  SSLv3  256 bits  AES256-SHA
    Rejected  SSLv3  128 bits  ADH-AES128-SHA
    Rejected  SSLv3  128 bits  DHE-RSA-AES128-SHA
    Rejected  SSLv3  128 bits  DHE-DSS-AES128-SHA
    Rejected  SSLv3  128 bits  AES128-SHA
    Rejected  SSLv3  168 bits  ADH-DES-CBC3-SHA
    Rejected  SSLv3   56 bits  ADH-DES-CBC-SHA
    Rejected  SSLv3   40 bits  EXP-ADH-DES-CBC-SHA
    Rejected  SSLv3  128 bits  ADH-RC4-MD5
    Rejected  SSLv3   40 bits  EXP-ADH-RC4-MD5
    Rejected  SSLv3  168 bits  EDH-RSA-DES-CBC3-SHA
    Rejected  SSLv3   56 bits  EDH-RSA-DES-CBC-SHA
    Rejected  SSLv3   40 bits  EXP-EDH-RSA-DES-CBC-SHA
    Rejected  SSLv3  168 bits  EDH-DSS-DES-CBC3-SHA
    Rejected  SSLv3   56 bits  EDH-DSS-DES-CBC-SHA
    Rejected  SSLv3   40 bits  EXP-EDH-DSS-DES-CBC-SHA
    Rejected  SSLv3  168 bits  DES-CBC3-SHA
    Rejected  SSLv3   56 bits  DES-CBC-SHA
    Rejected  SSLv3   40 bits  EXP-DES-CBC-SHA
    Rejected  SSLv3  128 bits  IDEA-CBC-SHA
    Rejected  SSLv3   40 bits  EXP-RC2-CBC-MD5
    Rejected  SSLv3  128 bits  RC4-SHA
    Rejected  SSLv3  128 bits  RC4-MD5
    Rejected  SSLv3   40 bits  EXP-RC4-MD5
    Rejected  SSLv3    0 bits  NULL-SHA
    Rejected  SSLv3    0 bits  NULL-MD5
    Rejected  TLSv1  256 bits  ADH-AES256-SHA
    Accepted  TLSv1  256 bits  DHE-RSA-AES256-SHA
    Rejected  TLSv1  256 bits  DHE-DSS-AES256-SHA
    Accepted  TLSv1  256 bits  AES256-SHA
    Rejected  TLSv1  128 bits  ADH-AES128-SHA
    Accepted  TLSv1  128 bits  DHE-RSA-AES128-SHA
    Rejected  TLSv1  128 bits  DHE-DSS-AES128-SHA
    Accepted  TLSv1  128 bits  AES128-SHA
    Rejected  TLSv1  168 bits  ADH-DES-CBC3-SHA
    Rejected  TLSv1   56 bits  ADH-DES-CBC-SHA
    Rejected  TLSv1   40 bits  EXP-ADH-DES-CBC-SHA
    Rejected  TLSv1  128 bits  ADH-RC4-MD5
    Rejected  TLSv1   40 bits  EXP-ADH-RC4-MD5
    Rejected  TLSv1  168 bits  EDH-RSA-DES-CBC3-SHA
    Rejected  TLSv1   56 bits  EDH-RSA-DES-CBC-SHA
    Rejected  TLSv1   40 bits  EXP-EDH-RSA-DES-CBC-SHA
    Rejected  TLSv1  168 bits  EDH-DSS-DES-CBC3-SHA
    Rejected  TLSv1   56 bits  EDH-DSS-DES-CBC-SHA
    Rejected  TLSv1   40 bits  EXP-EDH-DSS-DES-CBC-SHA
    Rejected  TLSv1  168 bits  DES-CBC3-SHA
    Rejected  TLSv1   56 bits  DES-CBC-SHA
    Rejected  TLSv1   40 bits  EXP-DES-CBC-SHA
    Accepted  TLSv1  128 bits  IDEA-CBC-SHA
    Rejected  TLSv1   40 bits  EXP-RC2-CBC-MD5
    Rejected  TLSv1  128 bits  RC4-SHA
    Rejected  TLSv1  128 bits  RC4-MD5
    Rejected  TLSv1   40 bits  EXP-RC4-MD5
    Rejected  TLSv1    0 bits  NULL-SHA
    Rejected  TLSv1    0 bits  NULL-MD5

  Prefered Server Cipher(s):
    TLSv1  256 bits  DHE-RSA-AES256-SHA

  SSL Certificate:
    Version: 0
    Serial Number: -4294967295
    Signature Algorithm: sha1WithRSAEncryption
    Issuer: /CN=localhost
    Not valid before: Nov 10 23:48:47 2009 GMT
    Not valid after: Nov  8 23:48:47 2019 GMT
    Subject: /CN=localhost
    Public Key Algorithm: rsaEncryption
    RSA Public Key: (1024 bit)
      Modulus (1024 bit):
          00:c1:25:d3:27:e3:ec:ad:0d:83:6a:6d:e7:5f:9a:
          75:10:23:e2:90:9d:a0:63:95:8f:1d:41:9a:58:d5:
          9c:63:8c:5b:73:86:90:79:cc:c3:d6:a3:89:b8:75:
          bc:1e:94:7c:7c:6e:e3:ad:e8:27:5c:0b:c6:0c:6a:
          f9:0f:32:fe:b3:c4:7a:10:23:04:2b:29:28:d4:aa:
          f9:b3:2f:66:10:f8:a7:c1:cd:60:c4:6b:28:57:e3:
          67:3b:f7:9e:cd:48:22:dc:38:ea:48:13:80:3a:40:
          97:57:0c:47:35:46:3d:71:62:9a:ee:53:9d:63:0e:
          67:7a:28:c9:a4:34:ff:19:ed
      Exponent: 65537 (0x10001)
  Verify Certificate:
    self signed certificate
SSLScan 172.31.33.131
</stdout>
          <stderr/>
          <runtime>23.5152484</runtime>
        </outcome>
      </results>
    </exec>
    <healthmap>
      <name>Health map</name>
      <description>Generates a simple list of safe/unsafe URLs.</description>
      <results>
        <map>
          <with_issues>http://172.31.33.131/dvwa/%3Cmy_tag_fcb3e6b7d4a5f7f3b162e87e255dfa6c/%3E</with_issues>
          <with_issues>http://172.31.33.131/dvwa/Arachni-fcb3e6b7d4a5f7f3b162e87e255dfa6c</with_issues>
          <with_issues>http://172.31.33.131/dvwa/index.php</with_issues>
          <without_issues>http://172.31.33.131/dvwa/login.php</without_issues>
        </map>
        <total>4</total>
        <with_issues>3</with_issues>
        <without_issues>1</without_issues>
        <issue_percentage>75</issue_percentage>
      </results>
    </healthmap>
  </plugins>
</report>
