<?xml version='1.0' encoding='UTF-8'?><profile><name>Sonar way</name><language>css</language><rules><rule><repositoryKey>css</repositoryKey><key>S1116</key><type>CODE_SMELL</type><priority>MINOR</priority><parameters/></rule><rule><repositoryKey>css</repositoryKey><key>S1128</key><type>CODE_SMELL</type><priority>MINOR</priority><parameters/></rule><rule><repositoryKey>css</repositoryKey><key>S4647</key><type>BUG</type><priority>BLOCKER</priority><parameters/></rule><rule><repositoryKey>css</repositoryKey><key>S4648</key><type>CODE_SMELL</type><priority>MAJOR</priority><parameters/></rule><rule><repositoryKey>css</repositoryKey><key>S4649</key><type>BUG</type><priority>MAJOR</priority><parameters/></rule><rule><repositoryKey>css</repositoryKey><key>S4651</key><type>BUG</type><priority>CRITICAL</priority><parameters/></rule><rule><repositoryKey>css</repositoryKey><key>S4652</key><type>CODE_SMELL</type><priority>MAJOR</priority><parameters/></rule><rule><repositoryKey>css</repositoryKey><key>S4653</key><type>BUG</type><priority>BLOCKER</priority><parameters/></rule><rule><repositoryKey>css</repositoryKey><key>S4654</key><type>BUG</type><priority>BLOCKER</priority><parameters><parameter><key>ignoreTypes</key><value>composes, /^mso-/</value></parameter><parameter><key>ignoreSelectors</key><value>/^:export.*/, /^:import.*/</value></parameter></parameters></rule><rule><repositoryKey>css</repositoryKey><key>S4655</key><type>BUG</type><priority>MAJOR</priority><parameters/></rule><rule><repositoryKey>css</repositoryKey><key>S4656</key><type>BUG</type><priority>MAJOR</priority><parameters><parameter><key>ignoreFallbacks</key><value>true</value></parameter></parameters></rule><rule><repositoryKey>css</repositoryKey><key>S4657</key><type>BUG</type><priority>CRITICAL</priority><parameters/></rule><rule><repositoryKey>css</repositoryKey><key>S4658</key><type>CODE_SMELL</type><priority>MAJOR</priority><parameters/></rule><rule><repositoryKey>css</repositoryKey><key>S4659</key><type>BUG</type><priority>MAJOR</priority><parameters><parameter><key>ignorePseudoClasses</key><value>local,global,export,import</value></parameter></parameters></rule><rule><repositoryKey>css</repositoryKey><key>S4660</key><type>BUG</type><priority>MAJOR</priority><parameters><parameter><key>ignorePseudoElements</key><value>ng-deep,v-deep</value></parameter></parameters></rule><rule><repositoryKey>css</repositoryKey><key>S4661</key><type>BUG</type><priority>MAJOR</priority><parameters/></rule><rule><repositoryKey>css</repositoryKey><key>S4662</key><type>BUG</type><priority>MAJOR</priority><parameters><parameter><key>ignoreAtRules</key><value>value,at-root,content,debug,each,else,error,for,function,if,include,mixin,return,warn,while,extend,use,/^@.*/</value></parameter></parameters></rule><rule><repositoryKey>css</repositoryKey><key>S4663</key><type>CODE_SMELL</type><priority>MINOR</priority><parameters/></rule><rule><repositoryKey>css</repositoryKey><key>S4666</key><type>CODE_SMELL</type><priority>MAJOR</priority><parameters/></rule><rule><repositoryKey>css</repositoryKey><key>S4667</key><type>CODE_SMELL</type><priority>MAJOR</priority><parameters/></rule><rule><repositoryKey>css</repositoryKey><key>S4668</key><type>BUG</type><priority>BLOCKER</priority><parameters/></rule><rule><repositoryKey>css</repositoryKey><key>S4670</key><type>BUG</type><priority>CRITICAL</priority><parameters><parameter><key>ignore</key><value>custom-elements</value></parameter><parameter><key>ignoreTypes</key><value>/^(mat|md|fa)-/</value></parameter></parameters></rule><rule><repositoryKey>css</repositoryKey><key>S5362</key><type>BUG</type><priority>CRITICAL</priority><parameters/></rule></rules></profile>