<?xml version='1.0' encoding='UTF-8'?><profile><name>Sonar way</name><language>web</language><rules><rule><repositoryKey>Web</repositoryKey><key>AvoidCommentedOutCodeCheck</key><type>CODE_SMELL</type><priority>MAJOR</priority><parameters/></rule><rule><repositoryKey>Web</repositoryKey><key>BoldAndItalicTagsCheck</key><type>BUG</type><priority>MINOR</priority><parameters/></rule><rule><repositoryKey>Web</repositoryKey><key>DoctypePresenceCheck</key><type>BUG</type><priority>MAJOR</priority><parameters/></rule><rule><repositoryKey>Web</repositoryKey><key>FieldsetWithoutLegendCheck</key><type>BUG</type><priority>MINOR</priority><parameters/></rule><rule><repositoryKey>Web</repositoryKey><key>FlashUsesBothObjectAndEmbedCheck</key><type>BUG</type><priority>MINOR</priority><parameters/></rule><rule><repositoryKey>Web</repositoryKey><key>FrameWithoutTitleCheck</key><type>BUG</type><priority>MINOR</priority><parameters/></rule><rule><repositoryKey>Web</repositoryKey><key>ImgWithoutAltCheck</key><type>BUG</type><priority>MINOR</priority><parameters/></rule><rule><repositoryKey>Web</repositoryKey><key>ItemTagNotWithinContainerTagCheck</key><type>BUG</type><priority>MINOR</priority><parameters/></rule><rule><repositoryKey>Web</repositoryKey><key>LinkToImageCheck</key><type>CODE_SMELL</type><priority>MAJOR</priority><parameters/></rule><rule><repositoryKey>Web</repositoryKey><key>MetaRefreshCheck</key><type>CODE_SMELL</type><priority>MAJOR</priority><parameters/></rule><rule><repositoryKey>Web</repositoryKey><key>PageWithoutTitleCheck</key><type>BUG</type><priority>MAJOR</priority><parameters/></rule><rule><repositoryKey>Web</repositoryKey><key>S1134</key><type>CODE_SMELL</type><priority>MAJOR</priority><parameters/></rule><rule><repositoryKey>Web</repositoryKey><key>S1135</key><type>CODE_SMELL</type><priority>INFO</priority><parameters/></rule><rule><repositoryKey>Web</repositoryKey><key>S1827</key><type>CODE_SMELL</type><priority>MAJOR</priority><parameters/></rule><rule><repositoryKey>Web</repositoryKey><key>S4084</key><type>CODE_SMELL</type><priority>MAJOR</priority><parameters/></rule><rule><repositoryKey>Web</repositoryKey><key>S4645</key><type>BUG</type><priority>MAJOR</priority><parameters/></rule><rule><repositoryKey>Web</repositoryKey><key>S5148</key><type>SECURITY_HOTSPOT</type><priority>MINOR</priority><parameters/></rule><rule><repositoryKey>Web</repositoryKey><key>S5254</key><type>BUG</type><priority>MAJOR</priority><parameters/></rule><rule><repositoryKey>Web</repositoryKey><key>S5255</key><type>CODE_SMELL</type><priority>MAJOR</priority><parameters/></rule><rule><repositoryKey>Web</repositoryKey><key>S5256</key><type>BUG</type><priority>MAJOR</priority><parameters/></rule><rule><repositoryKey>Web</repositoryKey><key>S5257</key><type>CODE_SMELL</type><priority>MAJOR</priority><parameters/></rule><rule><repositoryKey>Web</repositoryKey><key>S5258</key><type>BUG</type><priority>CRITICAL</priority><parameters/></rule><rule><repositoryKey>Web</repositoryKey><key>S5260</key><type>BUG</type><priority>CRITICAL</priority><parameters/></rule><rule><repositoryKey>Web</repositoryKey><key>S5264</key><type>CODE_SMELL</type><priority>MINOR</priority><parameters/></rule><rule><repositoryKey>Web</repositoryKey><key>S5725</key><type>SECURITY_HOTSPOT</type><priority>MINOR</priority><parameters/></rule><rule><repositoryKey>Web</repositoryKey><key>ServerSideImageMapsCheck</key><type>BUG</type><priority>MINOR</priority><parameters/></rule><rule><repositoryKey>Web</repositoryKey><key>TableHeaderHasIdOrScopeCheck</key><type>BUG</type><priority>MAJOR</priority><parameters/></rule><rule><repositoryKey>Web</repositoryKey><key>TableWithoutCaptionCheck</key><type>BUG</type><priority>MINOR</priority><parameters/></rule><rule><repositoryKey>Web</repositoryKey><key>UnsupportedTagsInHtml5Check</key><type>BUG</type><priority>MAJOR</priority><parameters/></rule></rules></profile>