<?xml version='1.0' encoding='UTF-8'?><profile><name>Sonar way</name><language>py</language><rules><rule><repositoryKey>python</repositoryKey><key>BackticksUsage</key><type>CODE_SMELL</type><priority>BLOCKER</priority><parameters/></rule><rule><repositoryKey>python</repositoryKey><key>ExecStatementUsage</key><type>CODE_SMELL</type><priority>BLOCKER</priority><parameters/></rule><rule><repositoryKey>python</repositoryKey><key>InequalityUsage</key><type>CODE_SMELL</type><priority>MAJOR</priority><parameters/></rule><rule><repositoryKey>python</repositoryKey><key>PreIncrementDecrement</key><type>BUG</type><priority>MAJOR</priority><parameters/></rule><rule><repositoryKey>python</repositoryKey><key>PrintStatementUsage</key><type>CODE_SMELL</type><priority>MAJOR</priority><parameters/></rule><rule><repositoryKey>python</repositoryKey><key>S100</key><type>CODE_SMELL</type><priority>MINOR</priority><parameters><parameter><key>format</key><value>^[a-z_][a-z0-9_]*$</value></parameter></parameters></rule><rule><repositoryKey>python</repositoryKey><key>S101</key><type>CODE_SMELL</type><priority>MINOR</priority><parameters><parameter><key>format</key><value>^_?([A-Z_][a-zA-Z0-9]*|[a-z_][a-z0-9_]*)$</value></parameter></parameters></rule><rule><repositoryKey>python</repositoryKey><key>S1045</key><type>BUG</type><priority>MAJOR</priority><parameters/></rule><rule><repositoryKey>python</repositoryKey><key>S1066</key><type>CODE_SMELL</type><priority>MAJOR</priority><parameters/></rule><rule><repositoryKey>python</repositoryKey><key>S107</key><type>CODE_SMELL</type><priority>MAJOR</priority><parameters><parameter><key>max</key><value>13</value></parameter></parameters></rule><rule><repositoryKey>python</repositoryKey><key>S108</key><type>CODE_SMELL</type><priority>MAJOR</priority><parameters/></rule><rule><repositoryKey>python</repositoryKey><key>S1110</key><type>CODE_SMELL</type><priority>MAJOR</priority><parameters/></rule><rule><repositoryKey>python</repositoryKey><key>S112</key><type>CODE_SMELL</type><priority>MAJOR</priority><parameters/></rule><rule><repositoryKey>python</repositoryKey><key>S1134</key><type>CODE_SMELL</type><priority>MAJOR</priority><parameters/></rule><rule><repositoryKey>python</repositoryKey><key>S1143</key><type>BUG</type><priority>CRITICAL</priority><parameters/></rule><rule><repositoryKey>python</repositoryKey><key>S1144</key><type>CODE_SMELL</type><priority>MAJOR</priority><parameters/></rule><rule><repositoryKey>python</repositoryKey><key>S116</key><type>CODE_SMELL</type><priority>MINOR</priority><parameters><parameter><key>format</key><value>^[_a-z][_a-z0-9]*$</value></parameter></parameters></rule><rule><repositoryKey>python</repositoryKey><key>S117</key><type>CODE_SMELL</type><priority>MINOR</priority><parameters><parameter><key>format</key><value>^[_a-z][a-z0-9_]*$</value></parameter></parameters></rule><rule><repositoryKey>python</repositoryKey><key>S1186</key><type>CODE_SMELL</type><priority>CRITICAL</priority><parameters/></rule><rule><repositoryKey>python</repositoryKey><key>S1192</key><type>CODE_SMELL</type><priority>CRITICAL</priority><parameters><parameter><key>threshold</key><value>3</value></parameter></parameters></rule><rule><repositoryKey>python</repositoryKey><key>S1226</key><type>BUG</type><priority>MINOR</priority><parameters/></rule><rule><repositoryKey>python</repositoryKey><key>S125</key><type>CODE_SMELL</type><priority>MAJOR</priority><parameters/></rule><rule><repositoryKey>python</repositoryKey><key>S1313</key><type>SECURITY_HOTSPOT</type><priority>MINOR</priority><parameters/></rule><rule><repositoryKey>python</repositoryKey><key>S1481</key><type>CODE_SMELL</type><priority>MINOR</priority><parameters/></rule><rule><repositoryKey>python</repositoryKey><key>S1515</key><type>CODE_SMELL</type><priority>MAJOR</priority><parameters/></rule><rule><repositoryKey>python</repositoryKey><key>S1542</key><type>CODE_SMELL</type><priority>MAJOR</priority><parameters><parameter><key>format</key><value>^[a-z_][a-z0-9_]*$</value></parameter></parameters></rule><rule><repositoryKey>python</repositoryKey><key>S1656</key><type>BUG</type><priority>MAJOR</priority><parameters/></rule><rule><repositoryKey>python</repositoryKey><key>S1700</key><type>CODE_SMELL</type><priority>MAJOR</priority><parameters/></rule><rule><repositoryKey>python</repositoryKey><key>S1716</key><type>BUG</type><priority>CRITICAL</priority><parameters/></rule><rule><repositoryKey>python</repositoryKey><key>S1751</key><type>BUG</type><priority>MAJOR</priority><parameters/></rule><rule><repositoryKey>python</repositoryKey><key>S1763</key><type>BUG</type><priority>MAJOR</priority><parameters/></rule><rule><repositoryKey>python</repositoryKey><key>S1764</key><type>BUG</type><priority>MAJOR</priority><parameters/></rule><rule><repositoryKey>python</repositoryKey><key>S1845</key><type>CODE_SMELL</type><priority>BLOCKER</priority><parameters/></rule><rule><repositoryKey>python</repositoryKey><key>S1854</key><type>CODE_SMELL</type><priority>MAJOR</priority><parameters/></rule><rule><repositoryKey>python</repositoryKey><key>S1862</key><type>BUG</type><priority>MAJOR</priority><parameters/></rule><rule><repositoryKey>python</repositoryKey><key>S1871</key><type>CODE_SMELL</type><priority>MAJOR</priority><parameters/></rule><rule><repositoryKey>python</repositoryKey><key>S2053</key><type>VULNERABILITY</type><priority>CRITICAL</priority><parameters/></rule><rule><repositoryKey>python</repositoryKey><key>S2068</key><type>SECURITY_HOTSPOT</type><priority>BLOCKER</priority><parameters><parameter><key>credentialWords</key><value>password,passwd,pwd,passphrase</value></parameter></parameters></rule><rule><repositoryKey>python</repositoryKey><key>S2077</key><type>SECURITY_HOTSPOT</type><priority>MAJOR</priority><parameters/></rule><rule><repositoryKey>python</repositoryKey><key>S2092</key><type>SECURITY_HOTSPOT</type><priority>MINOR</priority><parameters/></rule><rule><repositoryKey>python</repositoryKey><key>S2115</key><type>VULNERABILITY</type><priority>BLOCKER</priority><parameters/></rule><rule><repositoryKey>python</repositoryKey><key>S2159</key><type>BUG</type><priority>BLOCKER</priority><parameters/></rule><rule><repositoryKey>python</repositoryKey><key>S2190</key><type>BUG</type><priority>BLOCKER</priority><parameters/></rule><rule><repositoryKey>python</repositoryKey><key>S2201</key><type>BUG</type><priority>MAJOR</priority><parameters/></rule><rule><repositoryKey>python</repositoryKey><key>S2208</key><type>CODE_SMELL</type><priority>CRITICAL</priority><parameters/></rule><rule><repositoryKey>python</repositoryKey><key>S2245</key><type>SECURITY_HOTSPOT</type><priority>CRITICAL</priority><parameters/></rule><rule><repositoryKey>python</repositoryKey><key>S2257</key><type>SECURITY_HOTSPOT</type><priority>CRITICAL</priority><parameters/></rule><rule><repositoryKey>python</repositoryKey><key>S2275</key><type>BUG</type><priority>BLOCKER</priority><parameters/></rule><rule><repositoryKey>python</repositoryKey><key>S2612</key><type>SECURITY_HOTSPOT</type><priority>MAJOR</priority><parameters/></rule><rule><repositoryKey>python</repositoryKey><key>S2638</key><type>CODE_SMELL</type><priority>CRITICAL</priority><parameters/></rule><rule><repositoryKey>python</repositoryKey><key>S2710</key><type>CODE_SMELL</type><priority>CRITICAL</priority><parameters><parameter><key>classParameterNames</key><value>cls,mcs,metacls</value></parameter></parameters></rule><rule><repositoryKey>python</repositoryKey><key>S2711</key><type>BUG</type><priority>BLOCKER</priority><parameters/></rule><rule><repositoryKey>python</repositoryKey><key>S2734</key><type>BUG</type><priority>BLOCKER</priority><parameters/></rule><rule><repositoryKey>python</repositoryKey><key>S2737</key><type>CODE_SMELL</type><priority>MINOR</priority><parameters/></rule><rule><repositoryKey>python</repositoryKey><key>S2755</key><type>VULNERABILITY</type><priority>BLOCKER</priority><parameters/></rule><rule><repositoryKey>python</repositoryKey><key>S2757</key><type>BUG</type><priority>MAJOR</priority><parameters/></rule><rule><repositoryKey>python</repositoryKey><key>S2772</key><type>CODE_SMELL</type><priority>MINOR</priority><parameters/></rule><rule><repositoryKey>python</repositoryKey><key>S2823</key><type>BUG</type><priority>BLOCKER</priority><parameters/></rule><rule><repositoryKey>python</repositoryKey><key>S2836</key><type>CODE_SMELL</type><priority>MAJOR</priority><parameters/></rule><rule><repositoryKey>python</repositoryKey><key>S3329</key><type>VULNERABILITY</type><priority>CRITICAL</priority><parameters/></rule><rule><repositoryKey>python</repositoryKey><key>S3330</key><type>SECURITY_HOTSPOT</type><priority>MINOR</priority><parameters/></rule><rule><repositoryKey>python</repositoryKey><key>S3358</key><type>CODE_SMELL</type><priority>MAJOR</priority><parameters/></rule><rule><repositoryKey>python</repositoryKey><key>S3403</key><type>BUG</type><priority>BLOCKER</priority><parameters/></rule><rule><repositoryKey>python</repositoryKey><key>S3457</key><type>CODE_SMELL</type><priority>MAJOR</priority><parameters/></rule><rule><repositoryKey>python</repositoryKey><key>S3516</key><type>CODE_SMELL</type><priority>BLOCKER</priority><parameters/></rule><rule><repositoryKey>python</repositoryKey><key>S3626</key><type>CODE_SMELL</type><priority>MINOR</priority><parameters/></rule><rule><repositoryKey>python</repositoryKey><key>S3752</key><type>SECURITY_HOTSPOT</type><priority>MINOR</priority><parameters/></rule><rule><repositoryKey>python</repositoryKey><key>S3776</key><type>CODE_SMELL</type><priority>CRITICAL</priority><parameters><parameter><key>threshold</key><value>15</value></parameter></parameters></rule><rule><repositoryKey>python</repositoryKey><key>S3827</key><type>BUG</type><priority>BLOCKER</priority><parameters/></rule><rule><repositoryKey>python</repositoryKey><key>S3862</key><type>BUG</type><priority>BLOCKER</priority><parameters/></rule><rule><repositoryKey>python</repositoryKey><key>S3923</key><type>BUG</type><priority>MAJOR</priority><parameters/></rule><rule><repositoryKey>python</repositoryKey><key>S3981</key><type>BUG</type><priority>MAJOR</priority><parameters/></rule><rule><repositoryKey>python</repositoryKey><key>S3984</key><type>BUG</type><priority>MAJOR</priority><parameters/></rule><rule><repositoryKey>python</repositoryKey><key>S3985</key><type>CODE_SMELL</type><priority>MAJOR</priority><parameters/></rule><rule><repositoryKey>python</repositoryKey><key>S4143</key><type>BUG</type><priority>MAJOR</priority><parameters/></rule><rule><repositoryKey>python</repositoryKey><key>S4144</key><type>CODE_SMELL</type><priority>MAJOR</priority><parameters/></rule><rule><repositoryKey>python</repositoryKey><key>S4423</key><type>VULNERABILITY</type><priority>CRITICAL</priority><parameters/></rule><rule><repositoryKey>python</repositoryKey><key>S4426</key><type>VULNERABILITY</type><priority>CRITICAL</priority><parameters/></rule><rule><repositoryKey>python</repositoryKey><key>S4433</key><type>VULNERABILITY</type><priority>CRITICAL</priority><parameters/></rule><rule><repositoryKey>python</repositoryKey><key>S4487</key><type>CODE_SMELL</type><priority>CRITICAL</priority><parameters><parameter><key>enableSingleUnderscoreIssues</key><value>false</value></parameter></parameters></rule><rule><repositoryKey>python</repositoryKey><key>S4502</key><type>SECURITY_HOTSPOT</type><priority>CRITICAL</priority><parameters/></rule><rule><repositoryKey>python</repositoryKey><key>S4507</key><type>SECURITY_HOTSPOT</type><priority>MINOR</priority><parameters/></rule><rule><repositoryKey>python</repositoryKey><key>S4790</key><type>SECURITY_HOTSPOT</type><priority>CRITICAL</priority><parameters/></rule><rule><repositoryKey>python</repositoryKey><key>S4792</key><type>SECURITY_HOTSPOT</type><priority>CRITICAL</priority><parameters/></rule><rule><repositoryKey>python</repositoryKey><key>S4828</key><type>SECURITY_HOTSPOT</type><priority>CRITICAL</priority><parameters/></rule><rule><repositoryKey>python</repositoryKey><key>S4830</key><type>VULNERABILITY</type><priority>CRITICAL</priority><parameters/></rule><rule><repositoryKey>python</repositoryKey><key>S5042</key><type>SECURITY_HOTSPOT</type><priority>CRITICAL</priority><parameters/></rule><rule><repositoryKey>python</repositoryKey><key>S5122</key><type>SECURITY_HOTSPOT</type><priority>MINOR</priority><parameters/></rule><rule><repositoryKey>python</repositoryKey><key>S5247</key><type>SECURITY_HOTSPOT</type><priority>MAJOR</priority><parameters/></rule><rule><repositoryKey>python</repositoryKey><key>S5332</key><type>SECURITY_HOTSPOT</type><priority>CRITICAL</priority><parameters/></rule><rule><repositoryKey>python</repositoryKey><key>S5361</key><type>CODE_SMELL</type><priority>CRITICAL</priority><parameters/></rule><rule><repositoryKey>python</repositoryKey><key>S5443</key><type>SECURITY_HOTSPOT</type><priority>CRITICAL</priority><parameters/></rule><rule><repositoryKey>python</repositoryKey><key>S5445</key><type>VULNERABILITY</type><priority>CRITICAL</priority><parameters/></rule><rule><repositoryKey>python</repositoryKey><key>S5527</key><type>VULNERABILITY</type><priority>CRITICAL</priority><parameters/></rule><rule><repositoryKey>python</repositoryKey><key>S5542</key><type>VULNERABILITY</type><priority>CRITICAL</priority><parameters/></rule><rule><repositoryKey>python</repositoryKey><key>S5547</key><type>VULNERABILITY</type><priority>CRITICAL</priority><parameters/></rule><rule><repositoryKey>python</repositoryKey><key>S5549</key><type>BUG</type><priority>BLOCKER</priority><parameters/></rule><rule><repositoryKey>python</repositoryKey><key>S5603</key><type>CODE_SMELL</type><priority>MAJOR</priority><parameters/></rule><rule><repositoryKey>python</repositoryKey><key>S5607</key><type>BUG</type><priority>BLOCKER</priority><parameters/></rule><rule><repositoryKey>python</repositoryKey><key>S5632</key><type>BUG</type><priority>BLOCKER</priority><parameters/></rule><rule><repositoryKey>python</repositoryKey><key>S5644</key><type>BUG</type><priority>BLOCKER</priority><parameters/></rule><rule><repositoryKey>python</repositoryKey><key>S5655</key><type>CODE_SMELL</type><priority>CRITICAL</priority><parameters/></rule><rule><repositoryKey>python</repositoryKey><key>S5659</key><type>VULNERABILITY</type><priority>CRITICAL</priority><parameters/></rule><rule><repositoryKey>python</repositoryKey><key>S5685</key><type>CODE_SMELL</type><priority>MINOR</priority><parameters/></rule><rule><repositoryKey>python</repositoryKey><key>S5704</key><type>CODE_SMELL</type><priority>CRITICAL</priority><parameters/></rule><rule><repositoryKey>python</repositoryKey><key>S5706</key><type>CODE_SMELL</type><priority>MAJOR</priority><parameters/></rule><rule><repositoryKey>python</repositoryKey><key>S5707</key><type>BUG</type><priority>CRITICAL</priority><parameters/></rule><rule><repositoryKey>python</repositoryKey><key>S5708</key><type>BUG</type><priority>BLOCKER</priority><parameters/></rule><rule><repositoryKey>python</repositoryKey><key>S5709</key><type>CODE_SMELL</type><priority>CRITICAL</priority><parameters/></rule><rule><repositoryKey>python</repositoryKey><key>S5712</key><type>CODE_SMELL</type><priority>CRITICAL</priority><parameters/></rule><rule><repositoryKey>python</repositoryKey><key>S5713</key><type>CODE_SMELL</type><priority>MINOR</priority><parameters/></rule><rule><repositoryKey>python</repositoryKey><key>S5714</key><type>BUG</type><priority>BLOCKER</priority><parameters/></rule><rule><repositoryKey>python</repositoryKey><key>S5717</key><type>CODE_SMELL</type><priority>CRITICAL</priority><parameters/></rule><rule><repositoryKey>python</repositoryKey><key>S5719</key><type>BUG</type><priority>BLOCKER</priority><parameters/></rule><rule><repositoryKey>python</repositoryKey><key>S5720</key><type>CODE_SMELL</type><priority>CRITICAL</priority><parameters><parameter><key>ignoredDecorators</key><value>abstractmethod</value></parameter></parameters></rule><rule><repositoryKey>python</repositoryKey><key>S5722</key><type>BUG</type><priority>BLOCKER</priority><parameters/></rule><rule><repositoryKey>python</repositoryKey><key>S5724</key><type>BUG</type><priority>BLOCKER</priority><parameters/></rule><rule><repositoryKey>python</repositoryKey><key>S5727</key><type>CODE_SMELL</type><priority>CRITICAL</priority><parameters/></rule><rule><repositoryKey>python</repositoryKey><key>S5747</key><type>CODE_SMELL</type><priority>CRITICAL</priority><parameters/></rule><rule><repositoryKey>python</repositoryKey><key>S5754</key><type>CODE_SMELL</type><priority>CRITICAL</priority><parameters/></rule><rule><repositoryKey>python</repositoryKey><key>S5756</key><type>BUG</type><priority>BLOCKER</priority><parameters/></rule><rule><repositoryKey>python</repositoryKey><key>S5780</key><type>CODE_SMELL</type><priority>MAJOR</priority><parameters/></rule><rule><repositoryKey>python</repositoryKey><key>S5781</key><type>CODE_SMELL</type><priority>MAJOR</priority><parameters/></rule><rule><repositoryKey>python</repositoryKey><key>S5795</key><type>CODE_SMELL</type><priority>MAJOR</priority><parameters/></rule><rule><repositoryKey>python</repositoryKey><key>S5796</key><type>BUG</type><priority>MAJOR</priority><parameters/></rule><rule><repositoryKey>python</repositoryKey><key>S5797</key><type>CODE_SMELL</type><priority>CRITICAL</priority><parameters/></rule><rule><repositoryKey>python</repositoryKey><key>S5799</key><type>CODE_SMELL</type><priority>MAJOR</priority><parameters/></rule><rule><repositoryKey>python</repositoryKey><key>S5806</key><type>CODE_SMELL</type><priority>MAJOR</priority><parameters/></rule><rule><repositoryKey>python</repositoryKey><key>S5807</key><type>BUG</type><priority>BLOCKER</priority><parameters/></rule><rule><repositoryKey>python</repositoryKey><key>S5828</key><type>BUG</type><priority>BLOCKER</priority><parameters/></rule><rule><repositoryKey>python</repositoryKey><key>S5842</key><type>BUG</type><priority>MINOR</priority><parameters/></rule><rule><repositoryKey>python</repositoryKey><key>S5843</key><type>CODE_SMELL</type><priority>MAJOR</priority><parameters><parameter><key>maxComplexity</key><value>20</value></parameter></parameters></rule><rule><repositoryKey>python</repositoryKey><key>S5850</key><type>BUG</type><priority>MAJOR</priority><parameters/></rule><rule><repositoryKey>python</repositoryKey><key>S5855</key><type>BUG</type><priority>MAJOR</priority><parameters/></rule><rule><repositoryKey>python</repositoryKey><key>S5857</key><type>CODE_SMELL</type><priority>MINOR</priority><parameters/></rule><rule><repositoryKey>python</repositoryKey><key>S5864</key><type>CODE_SMELL</type><priority>MAJOR</priority><parameters/></rule><rule><repositoryKey>python</repositoryKey><key>S5868</key><type>BUG</type><priority>MAJOR</priority><parameters/></rule><rule><repositoryKey>python</repositoryKey><key>S5869</key><type>CODE_SMELL</type><priority>MAJOR</priority><parameters/></rule><rule><repositoryKey>python</repositoryKey><key>S5886</key><type>CODE_SMELL</type><priority>MAJOR</priority><parameters/></rule><rule><repositoryKey>python</repositoryKey><key>S5890</key><type>CODE_SMELL</type><priority>MAJOR</priority><parameters/></rule><rule><repositoryKey>python</repositoryKey><key>S5996</key><type>BUG</type><priority>CRITICAL</priority><parameters/></rule><rule><repositoryKey>python</repositoryKey><key>S6002</key><type>BUG</type><priority>CRITICAL</priority><parameters/></rule><rule><repositoryKey>python</repositoryKey><key>S6019</key><type>CODE_SMELL</type><priority>MAJOR</priority><parameters/></rule><rule><repositoryKey>python</repositoryKey><key>S6035</key><type>CODE_SMELL</type><priority>MAJOR</priority><parameters/></rule><rule><repositoryKey>python</repositoryKey><key>S905</key><type>BUG</type><priority>MAJOR</priority><parameters><parameter><key>ignoredOperators</key><value>&lt;&lt;,>>,|</value></parameter><parameter><key>reportOnStrings</key><value>false</value></parameter></parameters></rule><rule><repositoryKey>python</repositoryKey><key>S930</key><type>BUG</type><priority>BLOCKER</priority><parameters/></rule></rules></profile>