<?xml version='1.0' encoding='UTF-8'?><profile><name>Sonar way</name><language>js</language><rules><rule><repositoryKey>javascript</repositoryKey><key>S101</key><type>CODE_SMELL</type><priority>MINOR</priority><parameters><parameter><key>format</key><value>^[A-Z][a-zA-Z0-9]*$</value></parameter></parameters></rule><rule><repositoryKey>javascript</repositoryKey><key>S107</key><type>CODE_SMELL</type><priority>MAJOR</priority><parameters><parameter><key>maximumFunctionParameters</key><value>7</value></parameter></parameters></rule><rule><repositoryKey>javascript</repositoryKey><key>S108</key><type>CODE_SMELL</type><priority>MAJOR</priority><parameters/></rule><rule><repositoryKey>javascript</repositoryKey><key>S1110</key><type>CODE_SMELL</type><priority>MAJOR</priority><parameters/></rule><rule><repositoryKey>javascript</repositoryKey><key>S1116</key><type>CODE_SMELL</type><priority>MINOR</priority><parameters/></rule><rule><repositoryKey>javascript</repositoryKey><key>S1117</key><type>CODE_SMELL</type><priority>MAJOR</priority><parameters/></rule><rule><repositoryKey>javascript</repositoryKey><key>S1119</key><type>CODE_SMELL</type><priority>MAJOR</priority><parameters/></rule><rule><repositoryKey>javascript</repositoryKey><key>S1121</key><type>CODE_SMELL</type><priority>MAJOR</priority><parameters/></rule><rule><repositoryKey>javascript</repositoryKey><key>S1125</key><type>CODE_SMELL</type><priority>MINOR</priority><parameters/></rule><rule><repositoryKey>javascript</repositoryKey><key>S1126</key><type>CODE_SMELL</type><priority>MINOR</priority><parameters/></rule><rule><repositoryKey>javascript</repositoryKey><key>S1128</key><type>CODE_SMELL</type><priority>MINOR</priority><parameters/></rule><rule><repositoryKey>javascript</repositoryKey><key>S1134</key><type>CODE_SMELL</type><priority>MAJOR</priority><parameters/></rule><rule><repositoryKey>javascript</repositoryKey><key>S1135</key><type>CODE_SMELL</type><priority>INFO</priority><parameters/></rule><rule><repositoryKey>javascript</repositoryKey><key>S1143</key><type>BUG</type><priority>CRITICAL</priority><parameters/></rule><rule><repositoryKey>javascript</repositoryKey><key>S1186</key><type>CODE_SMELL</type><priority>CRITICAL</priority><parameters/></rule><rule><repositoryKey>javascript</repositoryKey><key>S1219</key><type>CODE_SMELL</type><priority>BLOCKER</priority><parameters/></rule><rule><repositoryKey>javascript</repositoryKey><key>S1226</key><type>BUG</type><priority>MINOR</priority><parameters/></rule><rule><repositoryKey>javascript</repositoryKey><key>S125</key><type>CODE_SMELL</type><priority>MAJOR</priority><parameters/></rule><rule><repositoryKey>javascript</repositoryKey><key>S1264</key><type>CODE_SMELL</type><priority>MINOR</priority><parameters/></rule><rule><repositoryKey>javascript</repositoryKey><key>S128</key><type>CODE_SMELL</type><priority>BLOCKER</priority><parameters/></rule><rule><repositoryKey>javascript</repositoryKey><key>S1301</key><type>CODE_SMELL</type><priority>MINOR</priority><parameters/></rule><rule><repositoryKey>javascript</repositoryKey><key>S1313</key><type>SECURITY_HOTSPOT</type><priority>MINOR</priority><parameters/></rule><rule><repositoryKey>javascript</repositoryKey><key>S1314</key><type>CODE_SMELL</type><priority>BLOCKER</priority><parameters/></rule><rule><repositoryKey>javascript</repositoryKey><key>S1321</key><type>BUG</type><priority>MINOR</priority><parameters/></rule><rule><repositoryKey>javascript</repositoryKey><key>S1439</key><type>CODE_SMELL</type><priority>MAJOR</priority><parameters/></rule><rule><repositoryKey>javascript</repositoryKey><key>S1472</key><type>CODE_SMELL</type><priority>MINOR</priority><parameters/></rule><rule><repositoryKey>javascript</repositoryKey><key>S1479</key><type>CODE_SMELL</type><priority>MAJOR</priority><parameters><parameter><key>maximum</key><value>30</value></parameter></parameters></rule><rule><repositoryKey>javascript</repositoryKey><key>S1481</key><type>CODE_SMELL</type><priority>MINOR</priority><parameters/></rule><rule><repositoryKey>javascript</repositoryKey><key>S1488</key><type>CODE_SMELL</type><priority>MINOR</priority><parameters/></rule><rule><repositoryKey>javascript</repositoryKey><key>S1515</key><type>CODE_SMELL</type><priority>MAJOR</priority><parameters/></rule><rule><repositoryKey>javascript</repositoryKey><key>S1516</key><type>CODE_SMELL</type><priority>MINOR</priority><parameters/></rule><rule><repositoryKey>javascript</repositoryKey><key>S1523</key><type>SECURITY_HOTSPOT</type><priority>CRITICAL</priority><parameters/></rule><rule><repositoryKey>javascript</repositoryKey><key>S1527</key><type>CODE_SMELL</type><priority>BLOCKER</priority><parameters/></rule><rule><repositoryKey>javascript</repositoryKey><key>S1529</key><type>BUG</type><priority>MAJOR</priority><parameters/></rule><rule><repositoryKey>javascript</repositoryKey><key>S1533</key><type>CODE_SMELL</type><priority>MINOR</priority><parameters/></rule><rule><repositoryKey>javascript</repositoryKey><key>S1534</key><type>BUG</type><priority>MAJOR</priority><parameters/></rule><rule><repositoryKey>javascript</repositoryKey><key>S1536</key><type>BUG</type><priority>MAJOR</priority><parameters/></rule><rule><repositoryKey>javascript</repositoryKey><key>S1656</key><type>BUG</type><priority>MAJOR</priority><parameters/></rule><rule><repositoryKey>javascript</repositoryKey><key>S1751</key><type>BUG</type><priority>MAJOR</priority><parameters/></rule><rule><repositoryKey>javascript</repositoryKey><key>S1763</key><type>BUG</type><priority>MAJOR</priority><parameters/></rule><rule><repositoryKey>javascript</repositoryKey><key>S1764</key><type>BUG</type><priority>MAJOR</priority><parameters/></rule><rule><repositoryKey>javascript</repositoryKey><key>S1788</key><type>CODE_SMELL</type><priority>MAJOR</priority><parameters/></rule><rule><repositoryKey>javascript</repositoryKey><key>S1848</key><type>BUG</type><priority>MAJOR</priority><parameters/></rule><rule><repositoryKey>javascript</repositoryKey><key>S1854</key><type>CODE_SMELL</type><priority>MAJOR</priority><parameters/></rule><rule><repositoryKey>javascript</repositoryKey><key>S1862</key><type>BUG</type><priority>MAJOR</priority><parameters/></rule><rule><repositoryKey>javascript</repositoryKey><key>S1871</key><type>CODE_SMELL</type><priority>MAJOR</priority><parameters/></rule><rule><repositoryKey>javascript</repositoryKey><key>S1874</key><type>CODE_SMELL</type><priority>MINOR</priority><parameters/></rule><rule><repositoryKey>javascript</repositoryKey><key>S1940</key><type>CODE_SMELL</type><priority>MINOR</priority><parameters/></rule><rule><repositoryKey>javascript</repositoryKey><key>S1994</key><type>CODE_SMELL</type><priority>CRITICAL</priority><parameters/></rule><rule><repositoryKey>javascript</repositoryKey><key>S2068</key><type>SECURITY_HOTSPOT</type><priority>BLOCKER</priority><parameters><parameter><key>credentialWords</key><value>password, pwd, passwd</value></parameter></parameters></rule><rule><repositoryKey>javascript</repositoryKey><key>S2077</key><type>SECURITY_HOTSPOT</type><priority>MAJOR</priority><parameters/></rule><rule><repositoryKey>javascript</repositoryKey><key>S2092</key><type>SECURITY_HOTSPOT</type><priority>MINOR</priority><parameters/></rule><rule><repositoryKey>javascript</repositoryKey><key>S2123</key><type>BUG</type><priority>MAJOR</priority><parameters/></rule><rule><repositoryKey>javascript</repositoryKey><key>S2137</key><type>BUG</type><priority>MAJOR</priority><parameters/></rule><rule><repositoryKey>javascript</repositoryKey><key>S2189</key><type>BUG</type><priority>BLOCKER</priority><parameters/></rule><rule><repositoryKey>javascript</repositoryKey><key>S2201</key><type>BUG</type><priority>MAJOR</priority><parameters/></rule><rule><repositoryKey>javascript</repositoryKey><key>S2234</key><type>CODE_SMELL</type><priority>MAJOR</priority><parameters/></rule><rule><repositoryKey>javascript</repositoryKey><key>S2245</key><type>SECURITY_HOTSPOT</type><priority>CRITICAL</priority><parameters/></rule><rule><repositoryKey>javascript</repositoryKey><key>S2251</key><type>BUG</type><priority>MAJOR</priority><parameters/></rule><rule><repositoryKey>javascript</repositoryKey><key>S2259</key><type>BUG</type><priority>MAJOR</priority><parameters/></rule><rule><repositoryKey>javascript</repositoryKey><key>S2310</key><type>CODE_SMELL</type><priority>CRITICAL</priority><parameters/></rule><rule><repositoryKey>javascript</repositoryKey><key>S2392</key><type>CODE_SMELL</type><priority>MAJOR</priority><parameters/></rule><rule><repositoryKey>javascript</repositoryKey><key>S2432</key><type>BUG</type><priority>MAJOR</priority><parameters/></rule><rule><repositoryKey>javascript</repositoryKey><key>S2589</key><type>CODE_SMELL</type><priority>MAJOR</priority><parameters/></rule><rule><repositoryKey>javascript</repositoryKey><key>S2598</key><type>VULNERABILITY</type><priority>CRITICAL</priority><parameters/></rule><rule><repositoryKey>javascript</repositoryKey><key>S2612</key><type>SECURITY_HOTSPOT</type><priority>MAJOR</priority><parameters/></rule><rule><repositoryKey>javascript</repositoryKey><key>S2681</key><type>CODE_SMELL</type><priority>MAJOR</priority><parameters/></rule><rule><repositoryKey>javascript</repositoryKey><key>S2685</key><type>CODE_SMELL</type><priority>MAJOR</priority><parameters/></rule><rule><repositoryKey>javascript</repositoryKey><key>S2688</key><type>BUG</type><priority>MAJOR</priority><parameters/></rule><rule><repositoryKey>javascript</repositoryKey><key>S2692</key><type>CODE_SMELL</type><priority>MAJOR</priority><parameters/></rule><rule><repositoryKey>javascript</repositoryKey><key>S2699</key><type>CODE_SMELL</type><priority>BLOCKER</priority><parameters/></rule><rule><repositoryKey>javascript</repositoryKey><key>S2703</key><type>CODE_SMELL</type><priority>BLOCKER</priority><parameters/></rule><rule><repositoryKey>javascript</repositoryKey><key>S2737</key><type>CODE_SMELL</type><priority>MINOR</priority><parameters/></rule><rule><repositoryKey>javascript</repositoryKey><key>S2755</key><type>VULNERABILITY</type><priority>BLOCKER</priority><parameters/></rule><rule><repositoryKey>javascript</repositoryKey><key>S2757</key><type>BUG</type><priority>MAJOR</priority><parameters/></rule><rule><repositoryKey>javascript</repositoryKey><key>S2814</key><type>CODE_SMELL</type><priority>MAJOR</priority><parameters/></rule><rule><repositoryKey>javascript</repositoryKey><key>S2819</key><type>VULNERABILITY</type><priority>CRITICAL</priority><parameters/></rule><rule><repositoryKey>javascript</repositoryKey><key>S2870</key><type>CODE_SMELL</type><priority>MAJOR</priority><parameters/></rule><rule><repositoryKey>javascript</repositoryKey><key>S2871</key><type>BUG</type><priority>CRITICAL</priority><parameters/></rule><rule><repositoryKey>javascript</repositoryKey><key>S2970</key><type>CODE_SMELL</type><priority>BLOCKER</priority><parameters/></rule><rule><repositoryKey>javascript</repositoryKey><key>S2990</key><type>CODE_SMELL</type><priority>MINOR</priority><parameters/></rule><rule><repositoryKey>javascript</repositoryKey><key>S2999</key><type>BUG</type><priority>MAJOR</priority><parameters><parameter><key>considerJSDoc</key><value>false</value></parameter></parameters></rule><rule><repositoryKey>javascript</repositoryKey><key>S3001</key><type>BUG</type><priority>MINOR</priority><parameters/></rule><rule><repositoryKey>javascript</repositoryKey><key>S3317</key><type>CODE_SMELL</type><priority>MINOR</priority><parameters/></rule><rule><repositoryKey>javascript</repositoryKey><key>S3330</key><type>SECURITY_HOTSPOT</type><priority>MINOR</priority><parameters/></rule><rule><repositoryKey>javascript</repositoryKey><key>S3358</key><type>CODE_SMELL</type><priority>MAJOR</priority><parameters/></rule><rule><repositoryKey>javascript</repositoryKey><key>S3403</key><type>BUG</type><priority>MAJOR</priority><parameters/></rule><rule><repositoryKey>javascript</repositoryKey><key>S3415</key><type>CODE_SMELL</type><priority>MAJOR</priority><parameters/></rule><rule><repositoryKey>javascript</repositoryKey><key>S3500</key><type>BUG</type><priority>MAJOR</priority><parameters/></rule><rule><repositoryKey>javascript</repositoryKey><key>S3516</key><type>CODE_SMELL</type><priority>BLOCKER</priority><parameters/></rule><rule><repositoryKey>javascript</repositoryKey><key>S3531</key><type>BUG</type><priority>MAJOR</priority><parameters/></rule><rule><repositoryKey>javascript</repositoryKey><key>S3579</key><type>CODE_SMELL</type><priority>MAJOR</priority><parameters/></rule><rule><repositoryKey>javascript</repositoryKey><key>S3616</key><type>BUG</type><priority>MAJOR</priority><parameters/></rule><rule><repositoryKey>javascript</repositoryKey><key>S3626</key><type>CODE_SMELL</type><priority>MINOR</priority><parameters/></rule><rule><repositoryKey>javascript</repositoryKey><key>S3686</key><type>CODE_SMELL</type><priority>MAJOR</priority><parameters/></rule><rule><repositoryKey>javascript</repositoryKey><key>S3696</key><type>CODE_SMELL</type><priority>MAJOR</priority><parameters/></rule><rule><repositoryKey>javascript</repositoryKey><key>S3699</key><type>BUG</type><priority>MAJOR</priority><parameters/></rule><rule><repositoryKey>javascript</repositoryKey><key>S3735</key><type>CODE_SMELL</type><priority>CRITICAL</priority><parameters/></rule><rule><repositoryKey>javascript</repositoryKey><key>S3776</key><type>CODE_SMELL</type><priority>CRITICAL</priority><parameters><parameter><key>threshold</key><value>15</value></parameter></parameters></rule><rule><repositoryKey>javascript</repositoryKey><key>S3782</key><type>CODE_SMELL</type><priority>MAJOR</priority><parameters/></rule><rule><repositoryKey>javascript</repositoryKey><key>S3785</key><type>BUG</type><priority>CRITICAL</priority><parameters/></rule><rule><repositoryKey>javascript</repositoryKey><key>S3796</key><type>BUG</type><priority>BLOCKER</priority><parameters/></rule><rule><repositoryKey>javascript</repositoryKey><key>S3799</key><type>BUG</type><priority>MAJOR</priority><parameters/></rule><rule><repositoryKey>javascript</repositoryKey><key>S3800</key><type>CODE_SMELL</type><priority>MAJOR</priority><parameters/></rule><rule><repositoryKey>javascript</repositoryKey><key>S3812</key><type>BUG</type><priority>CRITICAL</priority><parameters/></rule><rule><repositoryKey>javascript</repositoryKey><key>S3834</key><type>BUG</type><priority>CRITICAL</priority><parameters/></rule><rule><repositoryKey>javascript</repositoryKey><key>S3854</key><type>BUG</type><priority>CRITICAL</priority><parameters/></rule><rule><repositoryKey>javascript</repositoryKey><key>S3863</key><type>CODE_SMELL</type><priority>MINOR</priority><parameters/></rule><rule><repositoryKey>javascript</repositoryKey><key>S3923</key><type>BUG</type><priority>MAJOR</priority><parameters/></rule><rule><repositoryKey>javascript</repositoryKey><key>S3972</key><type>CODE_SMELL</type><priority>CRITICAL</priority><parameters/></rule><rule><repositoryKey>javascript</repositoryKey><key>S3973</key><type>CODE_SMELL</type><priority>CRITICAL</priority><parameters/></rule><rule><repositoryKey>javascript</repositoryKey><key>S3981</key><type>BUG</type><priority>MAJOR</priority><parameters/></rule><rule><repositoryKey>javascript</repositoryKey><key>S3984</key><type>BUG</type><priority>MAJOR</priority><parameters/></rule><rule><repositoryKey>javascript</repositoryKey><key>S4030</key><type>CODE_SMELL</type><priority>MAJOR</priority><parameters/></rule><rule><repositoryKey>javascript</repositoryKey><key>S4043</key><type>CODE_SMELL</type><priority>MAJOR</priority><parameters/></rule><rule><repositoryKey>javascript</repositoryKey><key>S4123</key><type>CODE_SMELL</type><priority>CRITICAL</priority><parameters/></rule><rule><repositoryKey>javascript</repositoryKey><key>S4138</key><type>CODE_SMELL</type><priority>MINOR</priority><parameters/></rule><rule><repositoryKey>javascript</repositoryKey><key>S4140</key><type>CODE_SMELL</type><priority>MAJOR</priority><parameters/></rule><rule><repositoryKey>javascript</repositoryKey><key>S4143</key><type>BUG</type><priority>MAJOR</priority><parameters/></rule><rule><repositoryKey>javascript</repositoryKey><key>S4144</key><type>CODE_SMELL</type><priority>MAJOR</priority><parameters/></rule><rule><repositoryKey>javascript</repositoryKey><key>S4158</key><type>BUG</type><priority>MINOR</priority><parameters/></rule><rule><repositoryKey>javascript</repositoryKey><key>S4165</key><type>CODE_SMELL</type><priority>MAJOR</priority><parameters/></rule><rule><repositoryKey>javascript</repositoryKey><key>S4275</key><type>BUG</type><priority>CRITICAL</priority><parameters/></rule><rule><repositoryKey>javascript</repositoryKey><key>S4326</key><type>CODE_SMELL</type><priority>MINOR</priority><parameters/></rule><rule><repositoryKey>javascript</repositoryKey><key>S4423</key><type>VULNERABILITY</type><priority>CRITICAL</priority><parameters/></rule><rule><repositoryKey>javascript</repositoryKey><key>S4426</key><type>VULNERABILITY</type><priority>CRITICAL</priority><parameters/></rule><rule><repositoryKey>javascript</repositoryKey><key>S4502</key><type>SECURITY_HOTSPOT</type><priority>CRITICAL</priority><parameters/></rule><rule><repositoryKey>javascript</repositoryKey><key>S4507</key><type>SECURITY_HOTSPOT</type><priority>MINOR</priority><parameters/></rule><rule><repositoryKey>javascript</repositoryKey><key>S4524</key><type>CODE_SMELL</type><priority>CRITICAL</priority><parameters/></rule><rule><repositoryKey>javascript</repositoryKey><key>S4619</key><type>CODE_SMELL</type><priority>MAJOR</priority><parameters/></rule><rule><repositoryKey>javascript</repositoryKey><key>S4624</key><type>CODE_SMELL</type><priority>MAJOR</priority><parameters/></rule><rule><repositoryKey>javascript</repositoryKey><key>S4634</key><type>CODE_SMELL</type><priority>MAJOR</priority><parameters/></rule><rule><repositoryKey>javascript</repositoryKey><key>S4721</key><type>SECURITY_HOTSPOT</type><priority>MAJOR</priority><parameters/></rule><rule><repositoryKey>javascript</repositoryKey><key>S4790</key><type>SECURITY_HOTSPOT</type><priority>CRITICAL</priority><parameters/></rule><rule><repositoryKey>javascript</repositoryKey><key>S4822</key><type>BUG</type><priority>MAJOR</priority><parameters/></rule><rule><repositoryKey>javascript</repositoryKey><key>S4830</key><type>VULNERABILITY</type><priority>CRITICAL</priority><parameters/></rule><rule><repositoryKey>javascript</repositoryKey><key>S5042</key><type>SECURITY_HOTSPOT</type><priority>CRITICAL</priority><parameters/></rule><rule><repositoryKey>javascript</repositoryKey><key>S5122</key><type>SECURITY_HOTSPOT</type><priority>MINOR</priority><parameters/></rule><rule><repositoryKey>javascript</repositoryKey><key>S5247</key><type>SECURITY_HOTSPOT</type><priority>MAJOR</priority><parameters/></rule><rule><repositoryKey>javascript</repositoryKey><key>S5332</key><type>SECURITY_HOTSPOT</type><priority>CRITICAL</priority><parameters/></rule><rule><repositoryKey>javascript</repositoryKey><key>S5443</key><type>SECURITY_HOTSPOT</type><priority>CRITICAL</priority><parameters/></rule><rule><repositoryKey>javascript</repositoryKey><key>S5527</key><type>VULNERABILITY</type><priority>CRITICAL</priority><parameters/></rule><rule><repositoryKey>javascript</repositoryKey><key>S5542</key><type>VULNERABILITY</type><priority>CRITICAL</priority><parameters/></rule><rule><repositoryKey>javascript</repositoryKey><key>S5547</key><type>VULNERABILITY</type><priority>CRITICAL</priority><parameters/></rule><rule><repositoryKey>javascript</repositoryKey><key>S5604</key><type>SECURITY_HOTSPOT</type><priority>MAJOR</priority><parameters><parameter><key>permissions</key><value>geolocation</value></parameter></parameters></rule><rule><repositoryKey>javascript</repositoryKey><key>S5659</key><type>VULNERABILITY</type><priority>CRITICAL</priority><parameters/></rule><rule><repositoryKey>javascript</repositoryKey><key>S5689</key><type>SECURITY_HOTSPOT</type><priority>MINOR</priority><parameters/></rule><rule><repositoryKey>javascript</repositoryKey><key>S5691</key><type>SECURITY_HOTSPOT</type><priority>MAJOR</priority><parameters/></rule><rule><repositoryKey>javascript</repositoryKey><key>S5693</key><type>SECURITY_HOTSPOT</type><priority>MAJOR</priority><parameters><parameter><key>fileUploadSizeLimit</key><value>8000000</value></parameter><parameter><key>standardSizeLimit</key><value>2000000</value></parameter></parameters></rule><rule><repositoryKey>javascript</repositoryKey><key>S5725</key><type>SECURITY_HOTSPOT</type><priority>MINOR</priority><parameters/></rule><rule><repositoryKey>javascript</repositoryKey><key>S5728</key><type>SECURITY_HOTSPOT</type><priority>MINOR</priority><parameters/></rule><rule><repositoryKey>javascript</repositoryKey><key>S5730</key><type>SECURITY_HOTSPOT</type><priority>MINOR</priority><parameters/></rule><rule><repositoryKey>javascript</repositoryKey><key>S5732</key><type>SECURITY_HOTSPOT</type><priority>MINOR</priority><parameters/></rule><rule><repositoryKey>javascript</repositoryKey><key>S5734</key><type>SECURITY_HOTSPOT</type><priority>MINOR</priority><parameters/></rule><rule><repositoryKey>javascript</repositoryKey><key>S5736</key><type>SECURITY_HOTSPOT</type><priority>MINOR</priority><parameters/></rule><rule><repositoryKey>javascript</repositoryKey><key>S5739</key><type>SECURITY_HOTSPOT</type><priority>MINOR</priority><parameters/></rule><rule><repositoryKey>javascript</repositoryKey><key>S5742</key><type>SECURITY_HOTSPOT</type><priority>MINOR</priority><parameters/></rule><rule><repositoryKey>javascript</repositoryKey><key>S5743</key><type>SECURITY_HOTSPOT</type><priority>MINOR</priority><parameters/></rule><rule><repositoryKey>javascript</repositoryKey><key>S5757</key><type>SECURITY_HOTSPOT</type><priority>MINOR</priority><parameters/></rule><rule><repositoryKey>javascript</repositoryKey><key>S5759</key><type>SECURITY_HOTSPOT</type><priority>MINOR</priority><parameters/></rule><rule><repositoryKey>javascript</repositoryKey><key>S5842</key><type>BUG</type><priority>MINOR</priority><parameters/></rule><rule><repositoryKey>javascript</repositoryKey><key>S5843</key><type>CODE_SMELL</type><priority>MAJOR</priority><parameters><parameter><key>maxComplexity</key><value>20</value></parameter></parameters></rule><rule><repositoryKey>javascript</repositoryKey><key>S5850</key><type>BUG</type><priority>MAJOR</priority><parameters/></rule><rule><repositoryKey>javascript</repositoryKey><key>S5852</key><type>SECURITY_HOTSPOT</type><priority>CRITICAL</priority><parameters/></rule><rule><repositoryKey>javascript</repositoryKey><key>S5856</key><type>BUG</type><priority>CRITICAL</priority><parameters/></rule><rule><repositoryKey>javascript</repositoryKey><key>S5860</key><type>CODE_SMELL</type><priority>MAJOR</priority><parameters/></rule><rule><repositoryKey>javascript</repositoryKey><key>S5863</key><type>BUG</type><priority>MAJOR</priority><parameters/></rule><rule><repositoryKey>javascript</repositoryKey><key>S5868</key><type>BUG</type><priority>MAJOR</priority><parameters/></rule><rule><repositoryKey>javascript</repositoryKey><key>S5869</key><type>CODE_SMELL</type><priority>MAJOR</priority><parameters/></rule><rule><repositoryKey>javascript</repositoryKey><key>S5876</key><type>VULNERABILITY</type><priority>CRITICAL</priority><parameters/></rule><rule><repositoryKey>javascript</repositoryKey><key>S5958</key><type>CODE_SMELL</type><priority>MAJOR</priority><parameters/></rule><rule><repositoryKey>javascript</repositoryKey><key>S6019</key><type>CODE_SMELL</type><priority>MAJOR</priority><parameters/></rule><rule><repositoryKey>javascript</repositoryKey><key>S6035</key><type>CODE_SMELL</type><priority>MAJOR</priority><parameters/></rule><rule><repositoryKey>javascript</repositoryKey><key>S6079</key><type>CODE_SMELL</type><priority>CRITICAL</priority><parameters/></rule><rule><repositoryKey>javascript</repositoryKey><key>S6080</key><type>BUG</type><priority>MAJOR</priority><parameters/></rule><rule><repositoryKey>javascript</repositoryKey><key>S6092</key><type>CODE_SMELL</type><priority>MAJOR</priority><parameters/></rule><rule><repositoryKey>javascript</repositoryKey><key>S6268</key><type>SECURITY_HOTSPOT</type><priority>BLOCKER</priority><parameters/></rule><rule><repositoryKey>javascript</repositoryKey><key>S6299</key><type>SECURITY_HOTSPOT</type><priority>BLOCKER</priority><parameters/></rule><rule><repositoryKey>javascript</repositoryKey><key>S6323</key><type>BUG</type><priority>MAJOR</priority><parameters/></rule><rule><repositoryKey>javascript</repositoryKey><key>S6324</key><type>BUG</type><priority>MAJOR</priority><parameters/></rule><rule><repositoryKey>javascript</repositoryKey><key>S6325</key><type>CODE_SMELL</type><priority>MINOR</priority><parameters/></rule><rule><repositoryKey>javascript</repositoryKey><key>S6326</key><type>CODE_SMELL</type><priority>MAJOR</priority><parameters/></rule><rule><repositoryKey>javascript</repositoryKey><key>S6328</key><type>BUG</type><priority>MAJOR</priority><parameters/></rule><rule><repositoryKey>javascript</repositoryKey><key>S6331</key><type>CODE_SMELL</type><priority>MAJOR</priority><parameters/></rule><rule><repositoryKey>javascript</repositoryKey><key>S6351</key><type>BUG</type><priority>MAJOR</priority><parameters/></rule><rule><repositoryKey>javascript</repositoryKey><key>S6353</key><type>CODE_SMELL</type><priority>MINOR</priority><parameters/></rule><rule><repositoryKey>javascript</repositoryKey><key>S878</key><type>CODE_SMELL</type><priority>MAJOR</priority><parameters/></rule><rule><repositoryKey>javascript</repositoryKey><key>S888</key><type>CODE_SMELL</type><priority>CRITICAL</priority><parameters/></rule><rule><repositoryKey>javascript</repositoryKey><key>S905</key><type>BUG</type><priority>MAJOR</priority><parameters/></rule><rule><repositoryKey>javascript</repositoryKey><key>S930</key><type>BUG</type><priority>CRITICAL</priority><parameters/></rule></rules></profile>