{"id":"AX9qFpXfLLrKidLGVPrZ","name":"Sonar way","conditions":[{"id":"AX9qFr48LLrKidLGVPt0","metric":"new_security_rating","op":"GT","error":"1"},{"id":"AX9qFr4_LLrKidLGVPt1","metric":"new_reliability_rating","op":"GT","error":"1"},{"id":"AX9qFr5CLLrKidLGVPt2","metric":"new_maintainability_rating","op":"GT","error":"1"},{"id":"AX9qFr5GLLrKidLGVPt3","metric":"new_coverage","op":"LT","error":"80"},{"id":"AX9qFr5JLLrKidLGVPt4","metric":"new_duplicated_lines_density","op":"GT","error":"3"},{"id":"AX9qFr5LLLrKidLGVPt5","metric":"new_security_hotspots_reviewed","op":"LT","error":"100"}],"isBuiltIn":true,"actions":{"rename":false,"setAsDefault":false,"copy":true,"associateProjects":false,"delete":false,"manageConditions":false,"delegate":false}}